loan_id,loan_amount,duration,payments,status,loan_year,loan_month,days_since_creation,no. of inhabitants,no. of municipalities with inhabitants < 499 ,no. of municipalities with inhabitants 500-1999,no. of municipalities with inhabitants 2000-9999 ,no. of municipalities with inhabitants >10000 ,no. of cities ,ratio of urban inhabitants ,average salary ,unemploymant rate '95 ,unemploymant rate '96 ,no. of enterpreneurs per 1000 inhabitants ,no. of commited crimes '95 ,no. of commited crimes '96 ,nr_movements,min_trans_amount,max_trans_amount,avg_trans_amount,range_amount,min_trans_balance,max_trans_balance,avg_trans_balance,range_balance,amount_month,withdrawals,credits,members,owner_age,trans_date_diff,able_to_pay,balance_last,amount_last,frequency_issuance after transaction,frequency_monthly issuance,frequency_weekly issuance,gender_F,gender_M
4959,80952,24,3373,1,1994,1,313,1204953,0,0,0,1,1,100.0,12541,0.29,0.43,167,85677.0,99107,108,13.5,30354.0,7954.2574074074055,30340.5,1100.0,67529.6,32590.624074074043,66429.6,83674.65584415582,64,44,2,49,308,True,0.0,0.0,False,True,False,False,True
4961,30276,12,2523,-1,1996,4,387,103347,87,16,7,1,7,67.0,9104,1.51,2.07,123,2299.0,2354,80,14.6,22708.0,5856.299999999998,22693.4,715.0,58157.5,25197.09249999999,57442.5,38089.75609756097,34,46,1,57,369,True,0.0,0.0,False,True,False,True,False
4973,165960,24,6915,1,1996,5,558,93931,74,21,10,1,8,56.9,8427,1.12,1.54,107,1874.0,1913,125,14.6,62235.0,12822.353600000004,62220.4,700.0,107069.6,52523.24480000004,106369.6,86017.57781753133,88,37,1,52,559,True,0.0,0.0,False,True,False,True,False
4996,88440,12,7370,1,1996,11,181,128118,9,16,6,3,8,85.3,9317,6.49,7.07,97,6949.0,6872,62,100.0,47976.0,14850.767741935484,47876.0,200.0,103239.0,62778.09032258065,103039.0,159667.21387283236,30,32,2,51,173,True,0.0,0.0,True,False,False,True,False
5002,104808,12,8734,1,1994,5,184,125832,151,41,2,3,5,48.3,8512,3.51,4.12,102,2247.0,2103,60,14.6,25970.0,6642.553333333334,25955.4,500.0,57865.3,38709.829999999994,57365.3,66425.53333333334,36,24,2,55,180,True,0.0,0.0,False,True,False,False,True
5032,123696,48,2577,1,1994,11,335,124605,11,42,14,1,8,46.0,8772,4.69,4.98,126,2854.0,3158,61,14.6,48476.0,8953.219672131147,48461.4,300.0,89822.2,49084.381967213114,89522.2,49202.37837837837,39,22,1,54,333,True,0.0,0.0,False,True,False,False,True
5044,100980,60,1683,1,1994,12,385,387570,0,0,0,1,1,100.0,9897,1.6,1.96,140,18721.0,18696,70,14.6,22900.0,5261.0485714285705,22885.4,600.0,53376.7,35614.74428571429,52776.7,29540.647058823528,43,27,1,29,374,True,0.0,0.0,False,True,False,False,True
5045,187224,24,7801,-1,1995,5,501,1204953,0,0,0,1,1,100.0,12541,0.29,0.43,167,85677.0,99107,88,0.2,51900.0,10834.715909090908,51899.8,-243.3,92571.3,42084.311363636334,92814.6,56866.103379721666,50,38,1,48,503,True,0.0,0.0,False,True,False,False,True
5060,252060,60,4201,-1,1994,7,231,110643,49,41,4,1,4,51.9,8441,3.45,4.48,115,1879.0,2252,61,8.2,49937.0,11625.122950819672,49928.8,900.0,106259.6,57340.50819672131,105359.6,93717.95154185023,35,26,1,29,227,True,0.0,0.0,False,True,False,True,False
5082,262980,60,4383,1,1996,10,368,53921,61,22,1,1,2,41.3,8598,2.77,3.26,123,1597.0,1875,56,14.6,44022.0,7310.239285714285,44007.4,900.0,78574.3,41729.616071428565,77674.3,34019.95013850415,32,24,1,30,361,True,0.0,0.0,False,True,False,True,False
5088,91152,24,3798,1,1996,8,465,105058,32,19,7,2,10,81.0,9272,2.8,3.22,118,4340.0,4505,77,14.6,34184.0,9452.944155844154,34169.4,400.0,72327.7,44829.54415584412,71927.7,47264.72077922077,46,31,1,54,462,True,0.0,0.0,False,True,False,False,True
5125,73056,48,1522,1,1995,11,296,119895,17,4,3,2,4,89.9,10446,7.34,9.4,90,4947.0,4743,102,14.6,8538.0,2445.3274509803928,8523.4,500.0,33555.4,23255.14901960784,33055.4,26819.72043010753,56,46,2,25,279,True,0.0,0.0,False,True,False,False,True
5126,208128,48,4336,-1,1994,7,440,387570,0,0,0,1,1,100.0,9897,1.6,1.96,140,18721.0,18696,64,14.6,47493.0,9442.159375,47478.4,-1069.7,96064.0,36369.97499999999,97133.7,41580.15137614679,35,29,1,43,436,True,0.0,0.0,False,True,False,False,True
5128,215616,48,4492,-1,1996,4,301,42821,4,13,5,1,3,48.4,8173,1.36,7.01,124,10297.5,1358,61,6.8,23130.0,5273.670491803279,23123.2,-3424.6,50124.8,21447.624590163923,53549.4,32169.390000000003,31,30,1,39,300,True,0.0,0.0,False,True,False,False,True
5130,24312,12,2026,1,1994,5,459,93931,74,21,10,1,8,56.9,8427,1.12,1.54,107,1874.0,1913,78,14.6,24322.0,4949.474358974358,24307.4,1100.0,48277.9,29380.83974358974,47177.9,25737.266666666663,41,37,1,39,450,True,0.0,0.0,False,True,False,True,False
5131,48624,24,2026,1,1995,1,516,128118,9,16,6,3,8,85.3,9317,6.49,7.07,97,6949.0,6872,117,14.6,52900.0,12180.788034188035,52885.4,200.0,134187.4,63857.2367521368,133987.4,82220.31923076925,68,49,1,34,520,True,0.0,0.0,False,True,False,False,True
5132,538500,60,8975,1,1995,2,333,95616,65,30,4,1,6,51.4,9307,3.85,4.43,118,2616.0,3040,58,14.6,32082.0,8499.93448275862,32067.4,200.0,69775.9,33687.85862068966,69575.9,44414.072072072064,36,22,1,35,333,True,0.0,0.0,False,True,False,False,True
5136,187104,24,7796,1,1996,7,143,226122,32,50,7,4,4,62.6,8994,3.8,4.79,110,9672.0,9208,25,2.5,49500.0,19621.447999999997,49497.5,300.0,137193.5,66292.37199999999,136893.5,109821.53731343283,9,16,1,19,134,True,0.0,0.0,False,True,False,True,False
5138,87216,48,1817,1,1995,5,615,1204953,0,0,0,1,1,100.0,12541,0.29,0.43,167,85677.0,99107,148,14.6,15608.0,2960.6979729729724,15593.4,700.0,43787.3,30847.149324324353,43087.3,21909.164999999997,107,41,1,41,600,True,0.0,0.0,False,True,False,True,False
5145,309552,48,6449,1,1995,9,246,226122,32,50,7,4,4,62.6,8994,3.8,4.79,110,9672.0,9208,35,14.6,58041.0,17429.002857142856,58026.4,700.0,121713.2,56105.49999999996,121013.2,76251.8875,19,16,1,60,240,True,0.0,0.0,False,True,False,False,True
5148,284280,60,4738,1,1996,5,558,114006,71,26,6,2,9,62.3,9065,4.46,5.39,123,4147.0,4166,188,14.6,56800.0,14790.500000000005,56785.4,300.0,109361.9,64182.6414893617,109061.9,153342.68382352946,116,72,2,38,544,True,0.0,0.0,False,True,False,True,False
5151,189060,60,3151,1,1995,5,201,149893,63,29,6,2,6,67.4,9753,4.64,5.05,109,5244.0,5892,30,100.0,60016.0,17833.45,59916.0,200.0,101793.6,72242.8966666667,101593.6,82308.23076923077,16,14,1,37,195,True,0.0,0.0,True,False,False,True,False
5160,204000,60,3400,1,1995,12,366,77917,85,19,6,1,5,53.5,8390,2.28,2.89,132,2080.0,2122,65,14.6,30604.0,7701.987692307691,30589.4,400.0,68172.8,37809.39846153843,67772.8,41719.09999999999,40,25,1,51,360,True,0.0,0.0,False,True,False,False,True
5161,98184,24,4091,1,1994,10,112,114200,101,41,4,1,4,43.7,8403,5.74,5.72,105,2157.0,2718,14,74.1,24545.0,9311.157142857142,24470.9,500.0,68956.1,41660.392857142855,68456.1,42050.38709677419,3,11,1,49,93,True,0.0,0.0,False,True,False,True,False
5170,253200,60,4220,1,1994,1,251,139012,59,41,8,3,10,61.9,8363,2.52,3.49,108,2564.0,2799,41,30.0,46304.0,11912.358536585367,46274.0,800.0,104417.9,47302.546341463436,103617.9,57685.830708661415,20,21,1,44,254,True,0.0,0.0,False,False,True,True,False
5176,192552,24,8023,-1,1994,11,441,70646,94,14,3,1,4,58.4,8547,2.65,3.64,120,1563.0,1542,51,10.2,23844.0,5774.419607843138,23833.8,800.0,49563.0,23979.01176470588,48763.0,20642.20093457944,25,26,1,31,428,True,0.0,0.0,False,False,True,True,False
5189,149040,48,3105,1,1994,2,289,75637,35,36,9,0,7,36.5,9622,0.45,0.59,154,3475.0,3529,54,14.6,27946.0,6682.029629629629,27931.4,200.0,62441.6,36845.58888888889,62241.6,37982.063157894736,34,20,1,26,285,True,0.0,0.0,False,True,False,True,False
5208,99696,48,2077,-1,1995,3,645,114200,101,41,4,1,4,43.7,8403,5.74,5.72,105,2157.0,2718,108,0.4,55900.0,11716.779629629631,55899.6,-974.6,127684.9,46341.29351851856,128659.5,59877.54889589906,63,45,1,24,634,True,0.0,0.0,False,True,False,True,False
5209,182640,48,3805,1,1996,11,245,145688,22,41,13,2,5,40.7,8544,1.29,1.86,109,2719.0,2906,40,11.5,34246.0,9227.599999999999,34234.5,600.0,64411.8,37802.23000000001,63811.8,46137.99999999999,23,17,1,54,240,True,0.0,0.0,False,True,False,True,False
5212,71064,36,1974,1,1995,5,404,85852,41,23,4,2,4,59.8,8965,7.08,8.23,104,2653.0,2822,86,14.6,22908.0,4896.447674418605,22893.4,700.0,55373.3,34577.30232558138,54673.3,32391.884615384617,57,29,1,49,390,True,0.0,0.0,False,True,False,True,False
5237,45336,24,1889,1,1995,8,491,51428,50,11,3,1,4,52.7,8402,3.13,3.98,120,999.0,1099,90,14.6,30436.0,7594.23222222222,30421.4,800.0,71486.0,48152.953333333375,70686.0,42717.55624999999,57,33,1,38,480,True,0.0,0.0,False,True,False,False,True
5269,164052,36,4557,-1,1994,11,367,51313,34,12,3,1,4,59.2,8930,3.52,4.2,108,1328.0,1452,65,0.4,48181.0,11809.263076923078,48180.6,-2564.7,112045.6,41752.16153846152,114610.3,63966.841666666674,37,28,1,19,360,True,0.0,0.0,True,False,False,True,False
5282,388512,48,8094,-1,1996,8,644,42821,4,13,5,1,3,48.4,8173,3.52,7.01,124,1328.0,1358,120,2.4,44700.0,7319.423333333334,44697.6,-2838.8,84743.5,21371.32,87582.3,41825.276190476194,66,54,1,27,630,True,0.0,0.0,True,False,False,True,False
5285,78936,12,6578,1,1994,2,269,51313,34,12,3,1,4,59.2,8930,3.52,4.2,108,1328.0,1452,51,14.6,11416.0,3259.0000000000005,11401.4,900.0,40560.3,25900.319607843132,39660.3,18331.875000000004,27,24,1,37,272,True,0.0,0.0,False,True,False,True,False
5301,141948,36,3943,1,1996,7,116,228848,15,40,18,2,6,57.2,9893,4.09,4.72,96,5623.0,5887,10,49.6,28840.0,8963.98,28790.4,800.0,63263.1,32592.68,62463.1,24899.944444444445,3,7,1,46,108,True,800.0,800.0,False,True,False,True,False
5310,248148,36,6893,1,1995,4,499,72541,66,26,10,0,8,36.9,8594,1.62,2.01,112,1580.0,1525,120,14.6,28960.0,5453.364999999996,28945.4,600.0,67486.0,36063.78833333336,66886.0,39660.836363636336,83,37,1,55,495,True,0.0,0.0,False,True,False,True,False
5311,30060,60,501,1,1996,6,649,72541,66,26,10,0,8,36.9,8594,1.62,2.01,112,1580.0,1525,186,14.6,29412.0,4858.978494623655,29397.4,500.0,69382.9,37213.407526881754,68882.9,41776.73343605546,141,45,1,45,649,True,0.0,0.0,False,True,False,False,True
5312,202788,36,5633,1,1996,3,389,51313,34,12,3,1,4,59.2,8930,3.52,4.2,108,1328.0,1452,79,30.0,72298.0,16141.211392405066,72268.0,1100.0,139880.9,57124.26835443034,138780.9,99105.3652849741,53,26,1,43,386,True,0.0,0.0,False,False,True,True,False
5314,96396,12,8033,-1,1993,7,107,94812,15,13,8,2,10,81.8,9650,3.38,3.67,100,2985.0,2804,4,1100.0,9900.0,5025.0,8800.0,1100.0,20100.0,12250.0,19000.0,6700.0,0,4,1,46,90,False,1100.0,1100.0,False,False,True,True,False
5316,165960,36,4610,1,1993,7,153,112709,48,20,7,3,10,73.5,8369,1.79,2.31,117,2854.0,2618,37,2.9,54300.0,11015.635135135135,54297.1,700.0,120512.8,52083.85945945945,119812.8,83749.00684931508,20,17,1,25,146,True,0.0,0.0,False,True,False,False,True
5319,239460,60,3991,1,1994,6,273,228848,15,40,18,2,6,57.2,9893,4.09,4.72,96,5623.0,5887,46,14.6,35918.0,9689.680434782607,35903.4,300.0,74408.8,40061.58043478263,74108.8,49525.033333333326,28,18,1,52,270,True,0.0,0.0,False,True,False,True,False
5325,105804,36,2939,1,1993,8,190,177686,69,27,10,1,9,74.8,10045,1.42,1.71,135,6604.0,6295,25,14.6,26448.0,8253.080000000002,26433.4,1000.0,65898.5,41297.479999999996,64898.5,34009.94505494506,12,13,1,53,182,True,0.0,0.0,False,True,False,True,False
5329,396120,60,6602,1,1996,10,552,51428,50,11,3,1,4,52.7,8402,3.13,3.98,120,999.0,1099,95,30.0,59415.0,15418.108421052631,59385.0,500.0,104859.1,58855.27789473691,104359.1,81073.07933579336,59,36,1,46,542,True,0.0,0.0,False,False,True,True,False
5337,162468,36,4513,1,1996,7,150,105058,32,19,7,2,10,81.0,9272,2.8,3.22,118,4340.0,4505,30,70.9,40614.0,15082.586666666666,40543.1,700.0,83862.8,51279.55333333335,83162.8,102062.61654135337,10,20,2,39,133,True,0.0,0.0,False,True,False,True,False
5350,249312,48,5194,1,1996,4,435,170449,0,0,0,1,1,100.0,10787,2.64,3.09,131,6041.0,6261,60,30.0,47112.0,9995.911666666665,47082.0,900.0,88597.4,35914.85499999999,87697.4,41843.35116279069,30,30,1,41,430,True,900.0,900.0,False,False,True,False,True
5351,205200,36,5700,1,1994,12,544,1204953,0,0,0,1,1,100.0,12541,0.29,0.43,167,85677.0,99107,129,30.0,51303.0,9244.202325581395,51273.0,900.0,93928.5,58336.31162790698,93028.5,66250.11666666665,93,36,1,31,540,True,0.0,0.0,False,False,True,True,False
5352,68400,12,5700,-1,1995,4,164,228848,15,40,18,2,6,57.2,9893,4.09,4.72,96,5623.0,5887,14,66.2,31037.0,7253.299999999998,30970.8,800.0,51242.2,31793.735714285714,50442.2,20042.013157894733,5,9,1,19,152,True,0.0,0.0,False,True,False,True,False
5366,86184,12,7182,1,1996,10,240,285387,0,2,8,5,7,89.9,10177,6.63,7.75,81,9878.0,10108,42,14.6,64642.0,16607.014285714282,64627.4,300.0,128146.0,60273.67857142853,127846.0,88664.56779661015,26,16,1,56,236,True,0.0,0.0,False,True,False,True,False
5375,101520,12,8460,1,1996,10,250,1204953,0,0,0,1,1,100.0,12541,0.29,0.43,167,85677.0,99107,38,14.6,18513.0,5370.042105263158,18498.4,400.0,43218.7,26449.092105263157,42818.7,25296.892561983474,20,18,1,20,242,True,0.0,0.0,False,True,False,True,False
5385,71460,36,1985,1,1996,9,244,1204953,0,0,0,1,1,100.0,12541,0.29,0.43,167,85677.0,99107,62,14.6,33669.0,10132.919354838707,33654.4,700.0,76403.1,49220.980645161275,75703.1,81589.74025974023,30,32,2,16,231,True,0.0,0.0,False,True,False,True,False
5388,61560,12,5130,1,1996,11,331,51313,34,12,3,1,4,59.2,8930,3.52,4.2,108,1328.0,1452,71,30.0,46166.0,9739.39718309859,46136.0,200.0,73559.9,32967.71267605635,73359.9,66703.90996784566,49,22,1,53,311,True,0.0,0.0,False,False,True,False,True
5390,170256,24,7094,1,1994,10,449,93931,74,21,10,1,8,56.9,8427,1.12,1.54,107,1874.0,1913,77,14.6,36552.0,9089.424675324672,36537.4,200.0,79869.8,40091.18311688309,79669.8,47183.30561797751,46,31,1,29,445,True,0.0,0.0,False,True,False,True,False
5395,299088,36,8308,-1,1994,7,420,106054,38,25,6,2,6,63.1,8110,5.77,6.55,109,3244.0,3079,126,14.6,59400.0,12746.586507936514,59385.4,500.0,193909.9,51992.854761904746,193409.9,116946.83737864085,80,46,1,28,412,True,0.0,0.0,False,True,False,True,False
5409,182040,60,3034,1,1995,11,362,51428,50,11,3,1,4,52.7,8402,3.13,3.98,120,999.0,1099,118,14.6,61557.0,17539.7966101695,61542.4,600.0,110447.5,67475.90169491521,109847.5,171996.89750692528,70,48,2,44,361,True,0.0,0.0,False,True,False,True,False
5413,92976,24,3874,1,1995,12,572,51313,34,12,3,1,4,59.2,8930,3.52,4.2,108,1328.0,1452,218,30.0,48996.0,12039.466972477065,48966.0,300.0,122342.1,50436.466055045785,122042.1,138623.44014084508,118,100,2,25,568,True,0.0,0.0,False,False,True,True,False
5414,185952,48,3874,1,1995,3,375,125236,28,11,1,4,5,87.7,9675,6.43,7.68,100,5323.0,5190,34,68.7,57400.0,12283.385294117646,57331.3,700.0,145318.2,50113.19411764706,144618.2,33771.032345013475,14,20,1,50,371,True,0.0,0.0,False,True,False,False,True
5415,139464,36,3874,-1,1996,9,395,182027,17,49,12,2,7,56.4,8746,3.33,3.74,90,4355.0,4433,31,20.2,36854.0,8131.070967741934,36833.8,300.0,65062.8,31532.748387096784,64762.8,19389.47692307692,12,19,1,38,390,True,0.0,0.0,False,True,False,False,True
5418,347952,48,7249,1,1995,1,654,45714,52,10,5,1,6,55.6,8843,2.82,3.6,113,818.0,888,120,14.6,54600.0,13441.428333333335,54585.4,300.0,123013.2,54157.19416666667,122713.2,73989.5137614679,70,50,1,31,654,True,0.0,0.0,False,True,False,True,False
5429,20196,36,561,1,1996,7,527,1204953,0,0,0,1,1,100.0,12541,0.29,0.43,167,85677.0,99107,96,14.6,35469.0,8501.322916666664,35454.4,200.0,77158.8,52636.598958333314,76958.8,47266.04247104246,62,34,1,25,518,True,0.0,0.0,False,True,False,False,True
5445,46320,24,1930,1,1996,6,547,133777,24,17,7,3,11,84.7,8705,5.75,7.61,116,4650.0,4859,178,14.6,61600.0,8064.270224719102,61585.4,900.0,119892.5,43657.81348314611,118992.5,79746.67222222223,130,48,1,17,540,True,0.0,0.0,False,True,False,False,True
5449,99336,24,4139,1,1995,11,329,228848,15,40,18,2,6,57.2,9893,4.09,4.72,96,5623.0,5887,52,14.6,16866.0,4348.373076923077,16851.4,300.0,46568.0,27019.571153846144,46268.0,20808.16564417178,28,24,1,15,326,True,0.0,0.0,False,True,False,True,False
5450,199680,60,3328,1,1994,12,413,139012,59,41,8,3,10,61.9,8363,2.52,3.49,108,2564.0,2799,74,14.6,29954.0,7353.527027027026,29939.4,500.0,62238.8,33658.61756756758,61738.8,40710.29925187031,46,28,1,45,401,True,0.0,0.0,False,True,False,False,True
5452,49440,60,824,1,1996,4,466,285387,0,2,8,5,7,89.9,10177,6.63,7.75,81,9878.0,10108,110,4.0,30378.0,5547.669999999998,30374.0,300.0,74419.8,47798.86545454537,74119.8,40682.91333333332,79,31,1,30,450,True,0.0,0.0,False,True,False,True,False
5453,156672,36,4352,1,1995,4,403,72541,66,26,10,0,8,36.9,8594,1.62,2.01,112,1580.0,1525,75,11.2,10380.0,3313.364,10368.8,500.0,41876.9,22927.502666666693,41376.9,18684.38345864662,38,37,1,39,399,True,0.0,0.0,False,True,False,True,False
5464,95808,12,7984,1,1995,1,423,161854,73,21,6,1,6,76.3,9425,1.72,2.5,125,4085.0,3891,90,14.6,57700.0,16058.694444444449,57685.4,900.0,122452.2,59701.78666666667,121552.2,101304.84813084114,50,40,1,55,428,True,0.0,0.0,False,True,False,False,True
5470,200976,48,4187,1,1996,4,216,114200,101,41,4,1,4,43.7,8403,5.74,5.72,105,2157.0,2718,35,14.6,37686.0,11032.88857142857,37671.4,600.0,83553.5,47938.06571428571,82953.5,53140.059633027515,18,17,1,41,218,True,0.0,0.0,False,True,False,False,True
5479,24516,12,2043,1,1994,1,317,1204953,0,0,0,1,1,100.0,12541,0.29,0.43,167,85677.0,99107,73,12.5,59200.0,16201.558904109586,59187.5,200.0,125254.2,55582.22602739725,125054.2,115574.63843648207,42,31,1,36,307,True,0.0,0.0,False,True,False,False,True
5482,165120,60,2752,1,1996,1,597,121947,37,28,7,3,11,70.5,8541,2.51,2.97,131,3496.0,3839,232,14.6,11210.0,3217.2706896551713,11195.4,1100.0,37946.3,24377.371551724136,36846.3,37320.33999999998,132,100,2,46,600,True,0.0,0.0,False,True,False,True,False
5494,360000,48,7500,1,1996,6,575,197099,29,41,10,2,10,74.7,9624,1.6,2.31,145,4484.0,4265,136,0.3,73228.0,14897.402205882352,73227.7,600.0,126072.0,51149.65514705883,125472.0,105890.9425087108,79,57,1,23,574,True,0.0,0.0,True,False,False,True,False
5495,89340,60,1489,1,1996,8,265,110643,49,41,4,1,4,51.9,8441,3.45,4.48,115,1879.0,2252,88,14.6,17313.0,4662.468181818181,17298.4,500.0,54020.1,39644.763636363634,53520.1,46448.73962264149,48,40,2,25,265,True,0.0,0.0,False,True,False,True,False
5519,91632,12,7636,1,1994,3,365,139012,59,41,8,3,10,61.9,8363,2.52,3.49,108,2564.0,2799,140,14.6,26378.0,6304.105714285713,26363.4,700.0,64577.8,40976.94285714285,63877.8,73547.89999999998,86,54,2,32,360,True,0.0,0.0,False,True,False,True,False
5523,93888,36,2608,1,1993,12,158,86513,38,36,5,1,5,50.5,8288,3.79,4.52,110,1562.0,1460,19,48.0,15649.0,7121.915789473684,15601.0,600.0,52378.2,37510.49473684211,51778.2,27063.28,7,12,1,43,150,True,0.0,0.0,True,False,False,True,False
5533,111384,24,4641,1,1994,7,474,75637,35,36,9,0,7,36.5,9622,0.45,0.59,154,3475.0,3529,152,14.6,61700.0,13525.02368421053,61685.4,500.0,141386.0,65097.22434210526,140886.0,131501.29637526657,97,55,1,27,469,True,0.0,0.0,False,True,False,False,True
5549,50460,60,841,1,1994,7,268,75637,35,36,9,0,7,36.5,9622,0.45,0.59,154,3475.0,3529,43,14.6,22927.5,6392.972093023257,22912.9,800.0,51971.4,37570.627906976755,51171.4,31357.16349809886,24,19,1,47,263,True,0.0,0.0,False,True,False,True,False
5563,380160,60,6336,1,1996,2,574,323870,0,0,0,1,1,100.0,10673,4.75,5.44,100,18782.0,18347,109,14.6,62500.0,15887.993577981657,62485.4,1100.0,147375.1,64777.07522935782,146275.1,90987.28371278461,62,47,1,47,571,True,0.0,0.0,False,True,False,False,True
5568,272520,60,4542,1,1994,5,333,92084,55,29,4,3,5,46.7,10124,0.56,0.54,141,3810.0,4316,168,13.3,56700.0,10778.345238095242,56686.7,1100.0,121891.4,44602.64166666664,120791.4,164614.72727272732,100,68,2,55,330,True,0.0,0.0,False,True,False,False,True
5576,31248,12,2604,1,1994,12,573,1204953,0,0,0,1,1,100.0,12541,0.29,0.43,167,85677.0,99107,120,14.6,64100.0,13845.45833333334,64085.4,1000.0,144715.3,64493.09916666662,143715.3,87598.68189806683,69,51,1,55,569,True,0.0,0.0,False,True,False,True,False
5586,48744,36,1354,1,1996,9,135,148545,8,35,12,3,4,53.5,8909,4.01,5.56,113,3460.0,3590,14,53.7,28603.5,11392.235714285713,28549.8,900.0,62891.3,42930.20714285715,61991.3,36248.02272727272,3,11,1,32,132,True,900.0,900.0,False,True,False,True,False
5591,155616,48,3242,1,1996,12,232,92084,55,29,4,3,5,46.7,10124,0.56,0.54,141,3810.0,4316,30,14.6,29176.0,9151.153333333332,29161.4,300.0,62153.6,39426.06999999999,61853.6,36282.10572687224,14,16,1,37,227,True,0.0,0.0,False,True,False,True,False
5593,277884,36,7719,-1,1996,4,691,105606,77,26,7,2,7,53.0,8254,2.79,3.76,97,2166.0,2325,117,14.6,53200.0,10720.307692307697,53185.4,1000.0,129394.2,46487.00256410256,128394.2,54533.739130434806,71,46,1,16,690,True,0.0,0.0,False,True,False,True,False
5595,82896,12,6908,1,1994,9,483,75685,31,28,5,1,9,60.8,8208,1.89,2.26,155,1660.0,2123,252,14.6,62168.0,10765.977777777785,62153.4,900.0,107680.9,57141.730952380916,106780.9,169564.1500000001,184,68,2,22,480,True,0.0,0.0,False,True,False,False,True
5599,15420,12,1285,1,1995,3,666,1204953,0,0,0,1,1,100.0,12541,0.29,0.43,167,85677.0,99107,151,14.6,13881.0,3142.1841059602634,13866.4,1000.0,41137.4,24577.200000000033,40137.4,21404.652631578934,98,53,1,30,665,True,0.0,0.0,False,True,False,True,False
5606,253512,36,7042,-1,1996,8,217,108871,41,29,7,2,6,62.1,8444,3.24,3.47,106,2595.0,2305,29,13.4,40419.0,11379.258620689658,40405.6,300.0,111044.2,37095.84482758619,110744.2,47142.64285714286,15,14,1,51,210,True,0.0,0.0,False,False,True,True,False
5610,123216,48,2567,1,1996,2,556,85852,41,23,4,2,4,59.8,8965,7.08,8.23,104,2653.0,2822,256,14.6,59200.0,12136.382031250003,59185.4,700.0,138433.7,70622.83359374992,137733.7,166739.5599284437,160,96,2,19,559,True,0.0,0.0,False,True,False,True,False
5611,321180,60,5353,1,1996,11,236,177686,69,27,10,1,9,74.8,10045,1.42,1.71,135,6604.0,6295,76,14.6,48180.0,13585.028947368417,48165.4,700.0,90257.3,40524.46315789473,89557.3,137052.50442477872,42,34,2,60,226,True,0.0,0.0,False,True,False,False,True
5624,177744,48,3703,-1,1995,1,506,108871,41,29,7,2,6,62.1,8444,3.24,3.47,106,2595.0,2305,95,3.3,45056.0,6726.888421052629,45052.7,-2485.5,89733.5,26746.5252631579,92219.0,37591.43529411763,59,36,1,23,510,True,0.0,0.0,False,True,False,False,True
5625,222180,60,3703,-1,1996,12,382,45714,52,10,5,1,6,55.6,8843,2.82,3.6,113,818.0,888,59,14.6,52600.0,11725.494915254236,52585.4,800.0,130659.1,55230.44406779658,129859.1,55050.73209549071,31,28,1,57,377,True,0.0,0.0,False,True,False,False,True
5635,77184,36,2144,1,1996,10,575,1204953,0,0,0,1,1,100.0,12541,0.29,0.43,167,85677.0,99107,77,14.6,63600.0,14561.257142857143,63585.4,200.0,142917.9,50722.27012987011,142717.9,59011.41052631579,41,36,1,42,570,True,0.0,0.0,False,True,False,True,False
5657,4980,12,415,1,1994,7,241,86513,38,36,5,1,5,50.5,8288,3.79,4.52,110,1562.0,1460,46,14.6,16000.0,3932.5043478260877,15985.4,800.0,41106.2,30533.37173913044,40306.2,22611.900000000005,27,19,1,42,240,True,0.0,0.0,False,True,False,True,False
5693,44088,24,1837,1,1995,8,234,81344,61,23,4,2,6,55.3,8899,3.39,3.97,149,2987.0,2487,32,14.6,24304.5,6617.940625,24289.9,1000.0,55576.8,36548.818750000006,54576.8,27034.991489361702,15,17,1,44,235,True,0.0,0.0,False,True,False,True,False
5706,161496,36,4486,1,1996,5,631,226122,32,50,7,4,4,62.6,8994,3.8,4.79,110,9672.0,9208,130,8.0,64900.0,6844.426923076923,64892.0,500.0,113865.5,33219.90000000003,113365.5,42370.26190476191,78,52,1,25,630,True,0.0,0.0,False,False,True,False,True
5713,158760,60,2646,1,1995,5,671,78955,50,24,8,1,9,59.0,9060,1.78,2.44,124,1655.0,1717,166,14.6,23810.0,4654.089156626504,23795.4,900.0,59898.4,24908.761445783133,58998.4,34644.78923766814,111,55,1,17,669,True,0.0,0.0,False,True,False,False,True
5723,23628,12,1969,1,1994,9,549,85852,41,23,4,2,4,59.8,8965,7.08,8.23,104,2653.0,2822,110,1.7,43694.0,9915.672727272728,43692.3,1000.0,140228.7,47420.84181818185,139228.7,60595.77777777778,61,49,1,40,540,True,0.0,0.0,False,True,False,False,True
5724,316140,60,5269,-1,1995,2,680,1204953,0,0,0,1,1,100.0,12541,0.29,0.43,167,85677.0,99107,139,14.6,13352.0,3872.0683453237402,13337.4,800.0,39616.2,18632.933812949643,38816.2,23814.933628318577,79,60,1,27,678,True,0.0,0.0,False,True,False,False,True
5725,444864,48,9268,1,1996,7,342,197099,29,41,10,2,10,74.7,9624,1.6,2.31,145,4484.0,4265,128,14.6,25862.0,6433.176562499999,25847.4,800.0,62903.5,32404.773437499978,62103.5,72871.38053097343,74,54,2,32,339,True,0.0,0.0,False,True,False,False,True
5739,76380,12,6365,1,1995,1,242,1204953,0,0,0,1,1,100.0,12541,0.29,0.43,167,85677.0,99107,45,14.6,12861.0,3571.5911111111113,12846.4,1100.0,41703.3,26122.848888888897,40603.3,19760.852459016394,25,20,1,38,244,True,0.0,0.0,False,True,False,True,False
5740,18564,12,1547,1,1995,4,125,1204953,0,0,0,1,1,100.0,12541,0.29,0.43,167,85677.0,99107,13,24.0,25603.5,8589.66923076923,25579.5,200.0,56498.4,35538.04615384616,56298.4,26587.071428571428,4,9,1,32,126,True,0.0,0.0,False,True,False,True,False
5741,68544,24,2856,1,1996,11,263,114006,71,26,6,2,9,62.3,9065,4.46,5.39,123,4147.0,4166,108,30.0,44342.0,8948.183333333336,44312.0,900.0,94207.7,44948.625925925924,93307.7,113694.56470588238,74,34,2,20,255,True,0.0,0.0,False,False,True,False,True
5750,63252,12,5271,1,1996,2,669,94725,38,28,1,3,6,63.4,9920,2.26,2.87,130,4289.0,4846,164,14.6,47436.0,9457.760365853661,47421.4,13097.7,86343.2,49291.82256097561,73245.5,69347.51266766022,116,48,1,47,671,True,0.0,0.0,False,True,False,True,False
5754,23052,12,1921,1,1994,9,622,387570,0,0,0,1,1,100.0,9897,1.6,1.96,140,18721.0,18696,342,14.6,24000.0,3618.326315789475,23985.4,700.0,54321.8,23771.966081871313,53621.8,61463.62251655631,246,96,2,54,604,True,0.0,0.0,False,True,False,True,False
5804,158976,48,3312,1,1995,4,515,139012,59,41,8,3,10,61.9,8363,2.52,3.49,108,2564.0,2799,156,14.6,48358.0,8573.476923076925,48343.4,600.0,130293.2,49916.091025641086,129693.2,78214.1754385965,104,52,1,56,513,True,0.0,0.0,False,True,False,False,True
5805,137904,24,5746,-1,1995,11,130,75637,35,36,9,0,7,36.5,9622,0.45,0.59,154,3475.0,3529,12,29.4,11878.0,6363.316666666666,11848.6,600.0,43259.7,26886.19166666667,42659.7,19089.949999999997,3,9,1,27,120,True,0.0,0.0,False,True,False,False,True
5836,79632,24,3318,1,1994,8,143,125832,151,41,2,3,5,48.3,8512,3.51,4.12,102,2247.0,2103,16,112.5,66165.0,24948.65625,66052.5,900.0,119373.5,63494.200000000004,118473.5,94294.13385826771,6,10,1,35,127,True,0.0,0.0,False,True,False,True,False
5837,244560,60,4076,1,1994,6,256,109164,98,16,6,1,4,63.6,8757,3.38,3.95,96,2212.0,2471,42,14.6,36680.0,10168.945238095237,36665.4,1000.0,72512.5,38426.728571428575,71512.5,51457.313253012035,24,18,1,27,249,True,0.0,0.0,False,True,False,True,False
5861,51408,24,2142,1,1994,12,388,45714,52,10,5,1,6,55.6,8843,2.82,3.6,113,818.0,888,64,14.6,57700.0,13410.820312499998,57685.4,900.0,137087.2,52299.285937499975,136187.2,67938.72031662268,33,31,1,45,379,True,900.0,900.0,False,True,False,False,True
5876,221280,48,4610,1,1995,2,389,323870,0,0,0,1,1,100.0,10673,4.75,5.44,100,18782.0,18347,142,30.0,50178.0,11891.501408450704,50148.0,1100.0,106144.8,37596.932394366195,105044.8,132960.09448818897,92,50,2,27,381,True,0.0,0.0,False,False,True,False,True
5877,97224,24,4051,1,1995,2,526,74062,99,15,4,2,7,61.4,8114,2.38,2.62,119,1003.0,1181,224,14.6,16257.0,3938.2142857142835,16242.4,1000.0,43393.0,22360.536607142858,42393.0,50409.14285714283,140,84,2,44,525,True,0.0,0.0,False,True,False,True,False
5880,73836,36,2051,1,1995,10,191,119895,17,4,3,2,4,89.9,10446,7.34,9.4,90,4947.0,4743,19,19.1,44281.0,16708.05789473684,44261.9,900.0,129607.8,55315.16842105263,128707.8,52041.49180327869,5,14,1,28,183,True,900.0,900.0,False,True,False,True,False
5882,87816,12,7318,1,1994,9,477,1204953,0,0,0,1,1,100.0,12541,0.29,0.43,167,85677.0,99107,168,14.6,14886.0,4538.899999999999,14871.4,800.0,43442.2,25533.214285714297,42642.2,48160.11789473683,86,82,2,33,475,True,0.0,0.0,False,True,False,False,True
5886,192744,36,5354,1,1996,10,139,145688,22,41,13,2,5,40.7,8544,1.29,1.86,109,2719.0,2906,52,14.6,49871.0,15435.05769230769,49856.4,200.0,128778.8,62590.42307692311,128578.8,198997.4380165289,26,26,2,32,121,True,0.0,0.0,False,True,False,False,True
5887,192744,36,5354,1,1994,10,490,110643,49,41,4,1,4,51.9,8441,3.45,4.48,115,1879.0,2252,152,8.8,47700.0,7643.909210526317,47691.2,700.0,121508.1,37265.655263157874,120808.1,71868.50721649485,86,66,2,23,485,True,0.0,0.0,False,True,False,True,False
5892,66480,24,2770,-1,1996,5,135,182027,17,49,12,2,7,56.4,8746,3.33,3.74,90,4355.0,4433,10,20.0,49631.0,13609.12,49611.0,900.0,77551.0,34798.28,76651.0,32661.888,3,7,1,61,125,True,0.0,0.0,False,False,True,False,True
5897,15192,24,633,1,1996,9,683,122603,25,21,6,2,8,80.0,8991,1.39,2.01,128,5198.0,5273,169,14.6,21513.0,4099.694674556212,21498.4,500.0,48157.1,29941.905325443797,47657.1,30611.858615611185,122,47,1,24,679,True,0.0,0.0,False,True,False,True,False
5900,135360,48,2820,1,1996,1,363,102609,75,33,2,3,6,52.0,8187,4.83,5.45,94,2123.0,2134,77,14.6,48633.0,14958.594805194805,48618.4,200.0,146479.5,64881.31428571429,146279.5,95454.01657458564,45,32,1,21,362,True,0.0,0.0,False,True,False,False,True
5918,300204,36,8339,1,1994,6,364,161954,21,37,20,3,8,48.0,8720,3.73,4.5,116,3729.0,3651,71,14.6,28365.0,6578.118309859154,28350.4,300.0,57676.7,34084.4605633803,57376.7,38920.533333333326,44,27,1,30,360,True,0.0,0.0,False,True,False,False,True
5922,20220,12,1685,1,1995,8,343,81344,61,23,4,2,6,55.3,8899,3.39,3.97,149,2987.0,2487,51,14.6,49397.0,9715.854901960784,49382.4,500.0,122906.7,41077.63529411765,122406.7,43980.053254437866,28,23,1,22,338,True,0.0,0.0,False,True,False,True,False
5923,64656,48,1347,1,1996,10,126,67298,71,19,10,0,7,43.8,8561,0.65,1.29,110,1029.0,1127,24,62.9,13609.0,6379.075,13546.1,200.0,44749.0,25896.466666666664,44549.0,37958.132231404954,6,18,2,49,121,True,0.0,0.0,False,True,False,False,True
5938,402000,60,6700,1,1996,8,313,149893,63,29,6,2,6,67.4,9753,4.64,5.05,109,5244.0,5892,54,14.6,9500.0,3029.8888888888896,9485.4,200.0,35650.8,21568.935185185193,35450.8,16146.118421052635,25,29,1,16,304,True,0.0,0.0,False,True,False,False,True
5959,107640,24,4485,1,1995,8,184,88884,80,26,6,2,5,46.7,8507,1.67,1.85,132,2159.0,2674,23,14.6,53613.0,17488.552173913045,53598.4,600.0,107783.7,50214.50434782608,107183.7,69752.02890173411,11,12,1,36,173,True,0.0,0.0,False,True,False,True,False
5970,465072,48,9689,1,1995,7,546,125832,151,41,2,3,5,48.3,8512,3.51,4.12,102,2247.0,2103,206,14.6,42880.0,8579.534951456317,42865.4,300.0,79557.6,27778.74563106798,79257.6,98188.01111111118,130,76,2,47,540,True,0.0,0.0,False,True,False,False,True
5980,21396,12,1783,1,1995,8,441,58796,22,16,7,1,5,51.9,9045,3.13,3.6,124,1845.0,1879,156,14.6,16048.0,4644.437179487179,16033.4,1000.0,46848.9,30812.946153846133,45848.9,49625.493150684924,88,68,2,27,438,True,0.0,0.0,False,True,False,False,True
5988,141648,24,5902,1,1996,8,204,139012,59,41,8,3,10,61.9,8363,2.52,3.49,108,2564.0,2799,36,55.6,42127.0,14106.12222222222,42071.4,200.0,123310.1,45100.42222222223,123110.1,77727.61224489796,10,26,2,44,196,True,0.0,0.0,False,True,False,False,True
5989,213300,36,5925,1,1996,3,325,162580,83,26,5,1,6,72.8,9538,1.51,1.81,111,6079.0,5410,59,14.6,13600.0,3730.2016949152553,13585.4,400.0,42443.7,27951.913559322016,42043.7,20504.524844720505,32,27,1,32,322,True,0.0,0.0,False,True,False,False,True
5997,117024,24,4876,1,1993,11,139,177686,69,27,10,1,9,74.8,10045,1.42,1.71,135,6604.0,6295,13,45.1,29255.0,14122.576923076924,29209.9,800.0,76985.2,44131.16923076923,76185.2,41412.06766917293,4,9,1,58,133,True,0.0,0.0,False,True,False,False,True
5999,98832,48,2059,1,1996,1,696,95907,87,25,5,2,7,59.1,8388,2.41,2.94,87,1658.0,1668,177,14.6,23282.0,4382.094350282484,23267.4,500.0,63095.4,31814.268361581904,62595.4,33577.086580086565,127,50,1,26,693,True,0.0,0.0,False,True,False,True,False
6004,143904,24,5996,1,1994,7,523,102609,75,33,2,3,6,52.0,8187,4.83,5.45,94,2123.0,2134,139,6.7,60500.0,9194.261151079138,60493.3,700.0,134571.2,49727.45611510793,133871.2,75176.60588235295,92,47,1,43,510,True,0.0,0.0,False,True,False,False,True
6006,359760,60,5996,1,1996,11,475,161854,73,21,6,1,6,76.3,9425,1.72,2.5,125,4085.0,3891,48,14.6,51700.0,8082.339583333332,51685.4,900.0,127807.6,32434.693750000006,126907.6,24762.912765957444,23,25,1,17,470,True,0.0,0.0,False,True,False,False,True
6011,179328,48,3736,1,1996,11,316,387570,0,0,0,1,1,100.0,9897,1.6,1.96,140,18721.0,18696,52,14.6,34960.0,8935.784615384613,34945.4,200.0,81614.7,44093.971153846156,81414.7,46466.07999999999,31,21,1,23,300,True,0.0,0.0,False,True,False,False,True
6012,258444,36,7179,1,1996,8,209,1204953,0,0,0,1,1,100.0,12541,0.29,0.43,167,85677.0,99107,16,141.4,31830.0,8680.756249999999,31688.6,600.0,61790.4,40688.1375,61190.4,20627.53960396039,4,12,1,30,202,True,0.0,0.0,False,False,True,False,True
6013,128988,36,3583,-1,1996,2,546,70646,94,14,3,1,4,58.4,8547,2.65,3.64,120,1563.0,1542,82,0.1,42530.0,7562.665853658536,42529.9,-36.1,78192.9,34740.702439024375,78229.0,33949.19343065694,47,35,1,57,548,True,0.0,0.0,False,False,True,False,True
6015,110112,24,4588,1,1996,11,328,107911,88,33,6,2,7,50.9,8240,2.53,3.56,99,1850.0,1903,82,14.6,52500.0,17234.715853658538,52485.4,700.0,135658.1,76232.70000000003,134958.1,131261.30340557275,45,37,1,33,323,True,0.0,0.0,False,True,False,False,True
6019,11400,12,950,1,1996,7,356,387570,0,0,0,1,1,100.0,9897,1.6,1.96,140,18721.0,18696,77,14.6,10734.0,2434.2441558441565,10719.4,300.0,39514.1,27533.66363636363,39214.1,16066.011428571433,48,29,1,16,350,True,0.0,0.0,False,True,False,True,False
6027,61656,24,2569,-1,1996,2,162,53921,61,22,1,1,2,41.3,8598,2.77,3.26,123,1597.0,1875,12,36.9,47337.0,16007.958333333334,47300.1,400.0,89256.9,44763.458333333336,88856.9,36244.43396226415,3,9,1,43,159,True,0.0,0.0,False,False,True,True,False
6038,323472,48,6739,1,1994,8,416,1204953,0,0,0,1,1,100.0,12541,0.29,0.43,167,85677.0,99107,57,14.6,44802.0,12422.015789473682,44787.4,200.0,119934.1,45414.07368421048,119734.1,52448.511111111104,29,28,1,54,405,True,0.0,0.0,False,True,False,True,False
6043,20352,48,424,1,1996,1,280,109164,98,16,6,1,4,63.6,8757,3.38,3.95,96,2212.0,2471,96,14.6,12549.0,3609.7416666666663,12534.4,400.0,44427.9,31814.41458333332,44027.9,37128.771428571425,52,44,2,48,280,True,0.0,0.0,False,True,False,True,False
6063,320976,48,6687,-1,1996,4,248,1204953,0,0,0,1,1,100.0,12541,0.29,0.43,167,85677.0,99107,50,14.6,70071.0,15093.958,70056.4,1000.0,130775.0,49482.96800000001,129775.0,93172.58024691358,27,23,1,60,243,True,0.0,0.0,False,True,False,False,True
6064,14628,12,1219,1,1994,8,399,157042,49,70,18,0,9,33.9,8743,1.88,2.43,111,3659.0,3894,102,2.0,23230.5,4093.035294117646,23228.5,200.0,52184.7,32788.14215686272,51984.7,31708.070886075944,73,29,1,45,395,True,0.0,0.0,False,True,False,True,False
6066,173808,24,7242,1,1994,7,384,148545,8,35,12,3,4,53.5,8909,4.01,5.56,113,3460.0,3590,150,43.3,74522.0,17396.585333333336,74478.7,1000.0,134416.6,61218.6586666667,133416.6,207651.54907161806,98,52,2,37,377,True,0.0,0.0,True,False,False,True,False
6072,193968,36,5388,1,1994,5,195,226122,32,50,7,4,4,62.6,8994,3.8,4.79,110,9672.0,9208,29,52.4,54200.0,16951.03448275862,54147.6,800.0,120567.3,63579.21724137932,119767.3,77211.51832460733,9,20,1,22,191,True,0.0,0.0,True,False,False,False,True
6073,276300,60,4605,1,1996,11,487,197099,29,41,10,2,10,74.7,9624,1.6,2.31,145,4484.0,4265,92,14.6,8888.0,3104.776086956522,8873.4,500.0,40755.0,25997.563043478272,40255.0,17632.061728395063,47,45,1,20,486,True,0.0,0.0,False,True,False,False,True
6077,79608,24,3317,1,1993,11,319,105606,77,26,7,2,7,53.0,8254,2.79,3.76,97,2166.0,2325,53,14.6,67124.0,17600.358490566032,67109.4,800.0,125825.7,69954.57169811318,125025.7,91154.95114006512,31,22,1,23,307,True,0.0,0.0,False,True,False,False,True
6087,300660,60,5011,1,1994,2,301,128118,9,16,6,3,8,85.3,9317,6.49,7.07,97,6949.0,6872,66,14.6,48900.0,10342.530303030304,48885.4,800.0,135175.2,45854.89090909087,134375.2,68260.7,42,24,1,44,300,True,800.0,800.0,False,True,False,False,True
6103,149340,60,2489,1,1994,4,320,105606,77,26,7,2,7,53.0,8254,2.79,3.76,97,2166.0,2325,56,30.0,22404.0,5778.791071428573,22374.0,500.0,53214.0,29069.11607142853,52714.0,30918.372611464973,33,23,1,31,314,True,0.0,0.0,False,False,True,False,True
6109,368880,60,6148,1,1996,6,587,125832,151,41,2,3,5,48.3,8512,3.51,4.12,102,2247.0,2103,364,9.7,64500.0,11574.082967032973,64490.3,1100.0,151062.3,60030.74340659343,149962.3,215313.43441226587,248,116,2,22,587,True,0.0,0.0,False,True,False,False,True
6111,174744,24,7281,-1,1993,9,165,122603,25,21,6,2,8,80.0,8991,1.39,2.01,128,5198.0,5273,32,14.6,52600.0,11557.949999999999,52585.4,1000.0,105628.0,37485.456249999996,104628.0,69347.7,16,16,1,45,160,True,0.0,0.0,False,True,False,True,False
6112,174744,24,7281,-1,1994,6,453,95616,65,30,4,1,6,51.4,9307,3.85,4.43,118,2616.0,3040,118,0.2,46739.0,7375.6279661016915,46738.8,-1369.2,96659.4,26252.81440677967,98028.59999999999,58021.606666666645,80,38,1,16,450,True,0.0,0.0,False,True,False,True,False
6120,209184,48,4358,1,1994,9,391,1204953,0,0,0,1,1,100.0,12541,0.29,0.43,167,85677.0,99107,68,14.6,61800.0,14438.211764705879,61785.4,1000.0,110583.8,46230.339705882405,109583.8,75522.95384615383,42,26,1,41,390,True,0.0,0.0,False,True,False,False,True
6130,32640,48,680,1,1996,7,483,161854,73,21,6,1,6,76.3,9425,1.72,2.5,125,4085.0,3891,107,14.6,20700.0,2772.7598130841125,20685.4,300.0,43206.0,25906.4093457944,42906.0,18504.280665280665,68,39,1,54,481,True,0.0,0.0,False,True,False,False,True
6137,44628,12,3719,1,1996,4,633,53921,61,22,1,1,2,41.3,8598,2.77,3.26,123,1597.0,1875,146,30.0,71565.0,14238.080821917805,71535.0,900.0,112689.5,49477.32123287669,111789.5,98364.02839116717,103,43,1,53,634,True,0.0,0.0,False,False,True,False,True
6144,44376,12,3698,1,1996,8,168,58796,22,16,7,1,5,51.9,9045,3.13,3.6,124,1845.0,1879,39,14.6,54100.0,15332.38717948718,54085.4,800.0,124090.0,53505.215384615374,123290.0,110054.55828220859,21,18,1,34,163,True,0.0,0.0,False,True,False,False,True
6150,83016,12,6918,1,1994,11,638,161954,21,37,20,3,8,48.0,8720,3.73,4.5,116,3729.0,3651,196,14.6,64400.0,13414.556632653064,64385.4,700.0,136436.6,67891.93520408162,135736.6,125202.5285714286,129,67,1,15,630,True,0.0,0.0,False,True,False,False,True
6151,225420,60,3757,1,1995,4,311,117897,139,28,5,1,6,53.8,8814,4.76,5.74,107,2112.0,2059,51,14.6,20727.0,5452.343137254903,20712.4,200.0,53271.6,31185.156862745098,53071.6,27806.950000000004,29,22,1,47,300,True,0.0,0.0,False,True,False,True,False
6153,285600,60,4760,1,1995,7,251,95616,65,30,4,1,6,51.4,9307,3.85,4.43,118,2616.0,3040,98,30.0,42729.0,10411.720408163264,42699.0,1100.0,126077.1,49651.8918367347,124977.1,127543.57499999998,50,48,2,15,240,True,0.0,0.0,False,False,True,True,False
6157,98592,24,4108,1,1995,7,188,92084,55,29,4,3,5,46.7,10124,0.56,0.54,141,3810.0,4316,26,68.7,36975.0,10807.380769230771,36906.3,900.0,78713.7,54128.56538461536,77813.7,46831.98333333334,13,13,1,32,180,True,0.0,0.0,True,False,False,True,False
6169,103680,60,1728,-1,1995,3,602,95907,87,25,5,2,7,59.1,8388,2.41,2.94,87,1658.0,1668,109,14.6,14422.5,3896.3825688073384,14407.9,500.0,46520.1,28250.10917431192,46020.1,21235.284999999996,65,44,1,24,600,True,0.0,0.0,False,True,False,False,True
6175,290700,60,4845,-1,1996,2,392,139012,59,41,8,3,10,61.9,8363,2.52,3.49,108,2564.0,2799,100,5.1,56400.0,14274.571000000002,56394.9,-2825.2,129626.3,59647.42399999998,132451.5,109804.39230769231,58,42,1,37,390,True,0.0,0.0,False,True,False,True,False
6178,232560,48,4845,1,1995,12,166,323870,0,0,0,1,1,100.0,10673,4.75,5.44,100,18782.0,18347,27,100.0,39741.0,13066.725925925924,39641.0,600.0,102665.9,63188.63333333334,102065.9,65333.62962962962,13,14,1,25,162,True,0.0,0.0,True,False,False,True,False
6185,31176,24,1299,1,1995,11,175,1204953,0,0,0,1,1,100.0,12541,0.29,0.43,167,85677.0,99107,23,14.6,29418.0,9027.317391304348,29403.4,700.0,65769.6,46304.15217391303,65069.600000000006,38449.68518518518,11,12,1,27,162,True,0.0,0.0,False,True,False,False,True
6190,123600,60,2060,1,1996,5,295,285387,0,2,8,5,7,89.9,10177,6.63,7.75,81,9878.0,10108,98,14.6,47109.0,9121.306122448977,47094.4,300.0,105255.7,39514.67755102045,104955.7,92153.40206185565,58,40,2,29,291,True,0.0,0.0,False,True,False,False,True
6202,65184,12,5432,1,1994,4,451,75232,55,26,4,1,5,41.7,8980,1.95,2.21,111,2824.0,2813,82,14.6,48891.0,11972.67682926829,48876.4,900.0,102410.3,47426.549999999974,101510.3,66037.63452914797,52,30,1,37,446,True,0.0,0.0,False,True,False,False,True
6210,87216,48,1817,-1,1994,6,190,58796,22,16,7,1,5,51.9,9045,3.13,3.6,124,1845.0,1879,33,14.6,16356.0,4041.378787878787,16341.4,200.0,41410.0,28362.24848484848,41210.0,21510.564516129027,12,21,1,30,186,True,0.0,0.0,False,True,False,False,True
6216,141240,24,5885,1,1994,9,388,102609,75,33,2,3,6,52.0,8187,4.83,5.45,94,2123.0,2134,102,14.6,52968.0,9343.385294117643,52953.4,1000.0,107784.1,57219.574509803846,106784.1,75238.83947368419,75,27,1,32,380,True,0.0,0.0,False,True,False,False,True
6223,61056,48,1272,1,1994,11,347,161954,21,37,20,3,8,48.0,8720,3.73,4.5,116,3729.0,3651,64,14.6,24372.0,5646.339062499999,24357.4,900.0,55816.0,36039.05156249998,54916.0,31514.450581395344,41,23,1,37,344,True,900.0,900.0,False,True,False,True,False
6227,28248,24,1177,1,1995,3,555,162580,83,26,5,1,6,72.8,9538,1.51,1.81,111,6079.0,5410,94,14.6,30055.5,8111.6808510638275,30040.9,400.0,69893.0,45582.44893617021,69493.0,41365.171790235065,56,38,1,25,553,True,0.0,0.0,False,True,False,True,False
6228,464520,60,7742,-1,1993,12,261,148545,8,35,12,3,4,53.5,8909,4.01,5.56,113,3460.0,3590,68,30.0,47757.0,13335.798529411764,47727.0,200.0,125943.1,51760.01617647063,125743.1,106269.64453125,37,31,1,53,256,True,0.0,0.0,False,False,True,True,False
6229,11736,24,489,1,1994,10,531,1204953,0,0,0,1,1,100.0,12541,0.29,0.43,167,85677.0,99107,133,14.6,33098.0,6032.843609022554,33083.4,1100.0,70826.8,42224.43909774438,69726.8,45675.60910815938,97,36,1,56,527,True,0.0,0.0,False,True,False,False,True
6232,276660,36,7685,-1,1994,7,314,124605,11,42,14,1,8,46.0,8772,4.69,4.98,126,2854.0,3158,58,9.5,11600.0,3499.286206896553,11590.5,500.0,32720.4,19256.89482758621,32220.4,19452.90095846646,28,30,1,45,313,True,0.0,0.0,False,True,False,False,True
6244,270648,36,7518,-1,1995,1,304,1204953,0,0,0,1,1,100.0,12541,0.29,0.43,167,85677.0,99107,72,30.0,52700.0,12958.563888888888,52670.0,200.0,134501.4,60819.976388888885,134301.4,93301.66,36,36,1,58,300,True,0.0,0.0,False,False,True,False,True
6253,59760,24,2490,1,1994,11,311,323870,0,0,0,1,1,100.0,10673,4.75,5.44,100,18782.0,18347,108,14.6,34557.0,8295.155555555553,34542.4,300.0,69643.1,40204.464814814826,69343.1,87260.72727272724,64,44,2,36,308,True,0.0,0.0,False,True,False,False,True
6272,398640,60,6644,1,1994,12,514,323870,0,0,0,1,1,100.0,10673,4.75,5.44,100,18782.0,18347,86,30.0,59793.0,16552.96279069768,59763.0,400.0,121689.5,63383.57558139535,121289.5,83738.51764705883,52,34,1,34,510,True,0.0,0.0,False,False,True,True,False
6279,87360,24,3640,1,1994,6,320,85852,41,23,4,2,4,59.8,8965,7.08,8.23,104,2653.0,2822,30,14.6,49341.0,8145.613333333334,49326.4,200.0,69174.6,36783.95,68974.6,23347.299363057326,14,16,1,32,314,True,0.0,0.0,False,True,False,False,True
6283,85632,48,1784,1,1996,8,495,197099,29,41,10,2,10,74.7,9624,1.6,2.31,145,4484.0,4265,85,14.6,60800.0,15232.292941176469,60785.4,800.0,156504.1,65066.73529411768,155704.1,78787.72210953347,47,38,1,47,493,True,0.0,0.0,False,True,False,True,False
6294,79920,60,1332,1,1995,2,437,170449,0,0,0,1,1,100.0,10787,2.64,3.09,131,6041.0,6261,95,14.6,36634.5,7707.4063157894725,36619.9,700.0,74199.5,43846.97789473684,73499.5,49809.76870748299,66,29,1,42,441,True,0.0,0.0,False,True,False,False,True
6296,270384,48,5633,1,1996,8,437,75232,55,26,4,1,5,41.7,8980,1.95,2.21,111,2824.0,2813,87,14.6,50696.0,12403.506896551722,50681.4,700.0,91294.4,47654.24482758614,90594.4,74250.35091743118,55,32,1,34,436,True,0.0,0.0,False,True,False,False,True
6297,17508,12,1459,1,1994,10,451,107870,84,29,6,1,6,58.0,8754,3.83,4.31,137,3804.0,3868,72,14.6,17580.0,4842.7652777777785,17565.4,900.0,54432.3,39290.618055555555,53532.3,23453.751121076235,41,31,1,48,446,True,0.0,0.0,False,True,False,False,True
6302,181020,60,3017,1,1996,9,552,78955,50,24,8,1,9,59.0,9060,1.78,2.44,124,1655.0,1717,186,14.6,27150.0,7273.759139784947,27135.4,500.0,60475.3,34005.90645161289,59975.3,75023.24584103512,112,74,2,30,541,True,0.0,0.0,False,True,False,True,False
6303,72408,24,3017,-1,1996,2,120,51313,34,12,3,1,4,59.2,8930,3.52,4.2,108,1328.0,1452,13,96.5,49634.0,13997.223076923077,49537.5,700.0,83619.5,45099.26153846154,82919.5,45490.975,4,9,1,38,120,True,0.0,0.0,True,False,False,True,False
6306,36684,12,3057,1,1994,12,635,285387,0,2,8,5,7,89.9,10177,6.63,7.75,81,9878.0,10108,125,8.3,24480.0,4768.643199999998,24471.7,700.0,50774.2,30229.797600000005,50074.2,28384.780952380937,75,50,1,16,630,True,0.0,0.0,False,True,False,True,False
6309,110136,24,4589,1,1996,11,554,1204953,0,0,0,1,1,100.0,12541,0.29,0.43,167,85677.0,99107,63,14.6,60700.0,11660.536507936504,60685.4,400.0,140542.8,50815.80476190475,140142.8,40069.84363636362,34,29,1,38,550,True,0.0,0.0,False,True,False,True,False
6315,43164,12,3597,1,1995,2,363,117897,139,28,5,1,6,53.8,8814,4.76,5.74,107,2112.0,2059,69,14.6,57680.0,14188.256521739127,57665.4,800.0,120071.4,68377.06376811591,119271.4,81582.47499999999,43,26,1,19,360,True,0.0,0.0,False,True,False,True,False
6316,76908,12,6409,-1,1994,5,489,149893,63,29,6,2,6,67.4,9753,4.64,5.05,109,5244.0,5892,102,14.6,52200.0,12928.499019607845,52185.4,1100.0,126002.8,52890.40392156865,124902.8,82419.18125000001,60,42,1,48,480,True,0.0,0.0,False,True,False,True,False
6336,212400,36,5900,1,1994,3,391,85852,41,23,4,2,4,59.8,8965,7.08,8.23,104,2653.0,2822,71,30.0,48828.0,11301.5661971831,48798.0,300.0,133215.2,51034.36197183098,132915.2,61723.93846153847,40,31,1,28,390,True,0.0,0.0,False,False,True,True,False
6342,60156,36,1671,-1,1995,11,233,93931,74,21,10,1,8,56.9,8427,1.12,1.54,107,1874.0,1913,56,14.6,53600.0,15972.280357142854,53585.4,400.0,159712.8,72667.63571428569,159312.8,117690.48684210525,30,26,1,19,228,True,0.0,0.0,False,True,False,False,True
6354,22968,36,638,1,1996,10,122,93931,74,21,10,1,8,56.9,8427,1.12,1.54,107,1874.0,1913,11,16.3,8200.0,4184.636363636364,8183.7,1000.0,38831.0,23324.936363636363,37831.0,12669.08256880734,1,10,1,46,109,True,1000.0,1000.0,False,True,False,True,False
6356,95400,36,2650,1,1993,12,272,95616,65,30,4,1,6,51.4,9307,3.85,4.43,118,2616.0,3040,47,23.6,35760.0,10370.702127659575,35736.4,200.0,92354.8,41562.32340425532,92154.8,56241.11538461539,25,22,1,22,260,True,0.0,0.0,False,False,True,False,True
6358,137880,60,2298,-1,1995,1,481,226122,32,50,7,4,4,62.6,8994,3.8,4.79,110,9672.0,9208,89,30.0,20848.0,6024.032584269662,20818.0,200.0,52658.4,24523.07303370786,52458.4,33369.64107883817,51,38,1,32,482,True,0.0,0.0,False,False,True,False,True
6362,37908,12,3159,1,1995,10,461,145688,22,41,13,2,5,40.7,8544,1.29,1.86,109,2719.0,2906,76,14.1,28431.0,7485.496052631577,28416.9,800.0,69530.4,42164.027631578945,68730.4,37926.51333333332,45,31,1,19,450,True,0.0,0.0,False,True,False,True,False
6403,194880,48,4060,1,1995,12,555,323870,0,0,0,1,1,100.0,10673,4.75,5.44,100,18782.0,18347,113,14.6,36536.0,8187.945132743361,36521.4,300.0,71138.8,36421.42566371683,70838.8,50744.30347349176,76,37,1,16,547,True,0.0,0.0,False,True,False,False,True
6407,25944,24,1081,1,1994,5,259,118650,8,8,5,1,3,85.6,9832,3.32,4.48,114,6445.0,5471,37,14.6,36289.5,10704.751351351351,36274.9,600.0,80155.2,56927.45405405403,79555.2,48301.9268292683,18,19,1,34,246,True,0.0,0.0,False,True,False,True,False
6421,96768,36,2688,1,1996,7,363,85852,41,23,4,2,4,59.8,8965,7.08,8.23,104,2653.0,2822,132,13.4,64100.0,13244.22575757576,64086.6,900.0,117830.9,51611.342424242415,116930.9,145686.48333333337,76,56,2,28,360,True,0.0,0.0,False,True,False,True,False
6456,47016,12,3918,1,1993,12,243,112709,48,20,7,3,10,73.5,8369,1.79,2.31,117,2854.0,2618,42,32.8,51800.0,12252.22380952381,51767.2,200.0,112901.6,60382.085714285706,112701.6,65692.77446808512,20,22,1,36,235,True,0.0,0.0,True,False,False,True,False
6460,48672,36,1352,1,1994,11,416,157042,49,70,18,0,9,33.9,8743,1.88,2.43,111,3659.0,3894,194,14.6,12100.0,1577.493814432989,12085.4,300.0,33484.4,23050.189690721625,33184.4,22447.466992665028,126,68,2,46,409,True,0.0,0.0,False,True,False,True,False
6461,74124,36,2059,1,1996,9,530,107870,84,29,6,1,6,58.0,8754,3.83,4.31,137,3804.0,3868,122,30.0,49816.0,9023.625409836066,49786.0,400.0,159765.9,54371.29918032791,159365.9,63512.440384615395,83,39,1,57,520,True,0.0,0.0,False,False,True,True,False
6471,155640,24,6485,1,1996,8,412,95616,65,30,4,1,6,51.4,9307,3.85,4.43,118,2616.0,3040,105,14.6,34486.0,5793.879999999999,34471.4,500.0,72838.9,45183.34952380955,72338.9,44732.161764705874,78,27,1,53,408,True,0.0,0.0,False,True,False,True,False
6474,63360,60,1056,1,1995,6,637,75685,31,28,5,1,9,60.8,8208,1.89,2.26,155,1660.0,2123,238,14.6,12138.0,3181.769747899158,12123.4,700.0,40733.8,29108.363865546224,40033.8,35945.94303797466,140,98,2,40,632,True,0.0,0.0,False,True,False,False,True
6499,80952,24,3373,1,1994,1,313,1204953,0,0,0,1,1,100.0,12541,0.29,0.43,167,85677.0,99107,108,13.5,30354.0,7937.749999999998,30340.5,1100.0,67529.6,33312.53888888889,66429.6,83501.00649350646,64,44,2,49,308,True,0.0,0.0,False,True,False,False,True
6501,30276,12,2523,-1,1996,4,387,103347,87,16,7,1,7,67.0,9104,1.51,2.07,123,2299.0,2354,92,14.6,22708.0,5028.0456521739125,22693.4,1000.0,58621.4,31318.87282608695,57621.4,37506.502702702695,34,58,1,57,370,True,0.0,0.0,False,True,False,True,False
6509,55368,24,2307,1,1994,3,362,197099,29,41,10,2,10,74.7,9624,1.6,2.31,145,4484.0,4265,98,14.6,48139.0,8702.475510204076,48124.4,200.0,113350.7,46061.31938775505,113150.7,71070.21666666663,51,47,1,55,360,True,0.0,0.0,False,True,False,True,False
6512,63312,48,1319,1,1994,5,403,51313,34,12,3,1,4,59.2,8930,3.52,4.2,108,1328.0,1452,82,14.6,10500.0,2011.2317073170734,10485.4,500.0,31462.9,22551.77926829271,30962.9,12686.230769230771,47,35,1,38,390,True,0.0,0.0,False,True,False,True,False
6520,91200,24,3800,1,1994,3,229,119895,17,4,3,2,4,89.9,10446,7.34,9.4,90,4947.0,4743,72,14.6,34198.0,9999.522222222222,34183.4,700.0,76736.9,32558.533333333326,76036.9,94732.31578947368,36,36,2,39,228,True,0.0,0.0,False,True,False,True,False
6526,288468,36,8013,1,1995,1,122,86513,38,36,5,1,5,50.5,8288,3.79,4.52,110,1562.0,1460,17,6.4,30950.0,8402.382352941177,30943.6,600.0,71939.2,36999.52352941177,71339.2,34558.18548387096,3,14,1,37,124,True,0.0,0.0,False,True,False,True,False
6535,41952,12,3496,1,1995,11,426,161854,73,21,6,1,6,76.3,9425,1.72,2.5,125,4085.0,3891,105,14.6,31462.0,5890.407619047617,31447.4,500.0,71527.0,41502.025714285715,71027.0,43864.73758865247,74,31,1,23,423,True,0.0,0.0,False,True,False,False,True
6540,309600,48,6450,1,1995,12,355,226122,32,50,7,4,4,62.6,8994,3.8,4.79,110,9672.0,9208,56,30.0,58052.0,16045.607142857141,58022.0,400.0,112363.1,58185.589285714275,111963.1,79284.17647058822,34,22,1,20,340,True,0.0,0.0,False,False,True,False,True
6545,191880,60,3198,1,1995,12,276,103347,87,16,7,1,7,67.0,9104,1.51,2.07,123,2299.0,2354,87,14.6,59200.0,12113.75517241379,59185.4,400.0,128539.4,53685.78620689651,128139.4,116667.53136531363,52,35,1,46,271,True,0.0,0.0,False,True,False,False,True
6546,31728,24,1322,1,1995,3,566,1204953,0,0,0,1,1,100.0,12541,0.29,0.43,167,85677.0,99107,234,14.6,22267.5,5173.0914529914535,22252.9,600.0,56122.8,31139.747863247845,55522.8,64964.40429338105,152,82,2,45,559,True,0.0,0.0,False,True,False,False,True
6550,320592,48,6679,1,1996,5,468,145688,22,41,13,2,5,40.7,8544,1.29,1.86,109,2719.0,2906,176,14.6,60108.0,13875.417045454553,60093.4,500.0,117827.8,60781.30681818174,117327.8,161015.82857142866,116,60,2,26,455,True,0.0,0.0,False,True,False,True,False
6577,51696,24,2154,1,1994,3,399,323870,0,0,0,1,1,100.0,10673,4.75,5.44,100,18782.0,18347,102,14.6,59600.0,13901.269607843138,59585.4,600.0,124339.4,58226.50490196077,123739.4,109071.5,58,44,1,26,390,True,0.0,0.0,False,True,False,True,False
6578,27984,12,2332,1,1995,12,521,139012,59,41,8,3,10,61.9,8363,2.52,3.49,108,2564.0,2799,76,30.0,47513.0,7289.584210526317,47483.0,500.0,82352.4,30639.863157894713,81852.4,32272.33398058253,46,30,1,46,515,True,0.0,0.0,False,False,True,False,True
6580,196080,48,4085,1,1994,5,229,87419,21,11,4,3,9,85.5,8624,1.79,2.66,102,2879.0,3198,47,14.6,46888.0,10472.497872340426,46873.4,900.0,97457.4,49143.96595744681,96557.4,66216.24215246637,27,20,1,36,223,True,0.0,0.0,False,True,False,False,True
6585,372120,60,6202,1,1996,10,668,197099,29,41,10,2,10,74.7,9624,1.6,2.31,145,4484.0,4265,344,14.6,63300.0,15182.096511627908,63285.4,500.0,128495.4,64044.04593023272,127995.4,237392.78181818183,202,142,2,51,660,True,0.0,0.0,False,True,False,False,True
6589,189696,24,7904,1,1996,1,264,51428,50,11,3,1,4,52.7,8402,3.13,3.98,120,999.0,1099,178,30.0,57600.0,11582.991011235956,57570.0,700.0,125386.9,54137.10561797753,124686.9,232530.72180451127,118,60,2,51,266,True,0.0,0.0,False,False,True,False,True
6591,20832,48,434,1,1995,2,545,85852,41,23,4,2,4,59.8,8965,7.08,8.23,104,2653.0,2822,151,14.6,19700.0,2499.068211920529,19685.4,500.0,41997.9,21368.909933774863,41497.9,20658.355839416054,104,47,1,47,548,True,0.0,0.0,False,True,False,False,True
6594,189696,24,7904,-1,1994,9,135,110643,49,41,4,1,4,51.9,8441,3.45,4.48,115,1879.0,2252,5,600.0,11500.0,4500.0,10900.0,600.0,22500.0,14900.0,21900.0,5625.0,0,5,1,24,120,False,600.0,600.0,False,True,False,True,False
6596,91584,24,3816,1,1994,6,209,133777,24,17,7,3,11,84.7,8705,5.75,7.61,116,4650.0,4859,31,14.6,47906.0,15002.819354838708,47891.4,1000.0,83039.4,50765.41612903225,82039.4,66441.05714285714,17,14,1,43,210,True,1000.0,1000.0,False,True,False,True,False
6598,68112,12,5676,1,1995,1,527,88768,10,18,5,1,7,80.5,8867,1.02,1.21,130,3384.0,3620,147,14.6,57164.0,9898.475510204082,57149.4,300.0,111588.8,47220.13401360543,111288.8,82518.48204158791,110,37,1,18,529,True,0.0,0.0,False,True,False,True,False
6599,72120,12,6010,1,1996,11,618,139012,59,41,8,3,10,61.9,8363,2.52,3.49,108,2564.0,2799,204,14.6,54092.0,14376.881372549024,54077.4,1000.0,109338.9,75686.06568627455,108338.9,143768.81372549024,124,80,2,44,612,True,0.0,0.0,False,True,False,True,False
6600,21852,36,607,1,1995,10,172,125236,28,11,1,4,5,87.7,9675,6.43,7.68,100,5323.0,5190,18,14.6,27736.5,9232.249999999998,27721.9,700.0,60863.2,38509.05,60163.2,30032.620481927705,6,12,1,41,166,True,0.0,0.0,False,True,False,False,True
6613,84120,24,3505,1,1996,9,106,42821,4,13,5,1,3,48.4,8173,4.1549997,7.01,124,4491.0,1358,19,30.0,47952.0,14769.1,47922.0,900.0,89570.9,56910.689473684215,88670.9,81731.91262135924,7,12,1,46,103,True,0.0,0.0,False,False,True,True,False
6624,71460,12,5955,1,1994,9,325,157042,49,70,18,0,9,33.9,8743,1.88,2.43,111,3659.0,3894,86,14.6,48487.0,10433.439534883717,48472.4,200.0,82549.0,47991.53023255814,82349.0,84383.30407523508,46,40,2,49,319,True,0.0,0.0,False,True,False,False,True
6642,77640,12,6470,1,1994,6,332,67298,71,19,10,0,7,43.8,8561,0.65,1.29,110,1029.0,1127,60,30.0,58227.0,13255.798333333332,58197.0,700.0,117489.5,55570.30499999995,116789.5,72304.35454545454,38,22,1,27,330,True,0.0,0.0,False,False,True,False,True
6644,93600,24,3900,1,1996,10,306,81344,61,23,4,2,6,55.3,8899,3.39,3.97,149,2987.0,2487,55,14.6,45287.0,7856.4127272727255,45272.4,900.0,96108.3,40078.70727272725,95208.3,42924.10927152317,34,21,1,24,302,True,0.0,0.0,False,True,False,False,True
6645,140400,36,3900,1,1994,11,392,323870,0,0,0,1,1,100.0,10673,4.75,5.44,100,18782.0,18347,45,14.6,63200.0,10991.504444444443,63185.4,400.0,115000.2,43563.61999999999,114600.2,38047.51538461538,23,22,1,53,390,True,0.0,0.0,False,True,False,False,True
6647,208320,48,4340,1,1994,6,483,51313,34,12,3,1,4,59.2,8930,3.52,4.2,108,1328.0,1452,170,30.0,39060.0,9434.437647058823,39030.0,200.0,82981.9,43944.88941176472,82781.9,100660.31799163179,104,66,2,26,478,True,0.0,0.0,False,False,True,True,False
6650,49320,12,4110,-1,1994,2,162,122603,25,21,6,2,8,80.0,8991,1.39,2.01,128,5198.0,5273,49,100.0,62700.0,10548.35918367347,62600.0,900.0,126833.0,46576.27755102041,125933.0,94549.31707317074,32,17,1,49,164,True,0.0,0.0,True,False,False,True,False
6659,56100,60,935,1,1996,2,405,387570,0,0,0,1,1,100.0,9897,1.6,1.96,140,18721.0,18696,68,14.6,13986.0,3856.6014705882358,13971.4,1000.0,45346.1,20158.00147058824,44346.1,19817.297229219148,40,28,1,38,397,True,0.0,0.0,False,True,False,False,True
6667,155880,24,6495,1,1996,7,639,114006,71,26,6,2,9,62.3,9065,4.46,5.39,123,4147.0,4166,284,14.6,60700.0,12237.183098591553,60685.4,1000.0,164648.6,63263.147183098554,163648.6,164709.00473933652,182,102,2,28,633,True,0.0,0.0,False,True,False,True,False
6668,74736,36,2076,1,1994,7,400,77917,85,19,6,1,5,53.5,8390,2.28,2.89,132,2080.0,2122,67,14.6,30918.0,8191.962686567161,30903.4,700.0,62084.0,37912.998507462675,61384.0,42220.11538461537,41,26,1,29,390,True,0.0,0.0,False,True,False,False,True
6676,29784,24,1241,1,1995,6,129,170449,0,0,0,1,1,100.0,10787,2.64,3.09,131,6041.0,6261,24,59.4,17241.0,6943.349999999999,17181.6,200.0,49220.3,27626.08333333334,49020.3,41660.1,6,18,2,26,120,True,0.0,0.0,False,True,False,True,False
6678,80340,12,6695,1,1994,5,318,1204953,0,0,0,1,1,100.0,12541,0.29,0.43,167,85677.0,99107,104,14.6,61260.0,15464.398076923082,61245.4,1100.0,122523.5,61531.59038461537,121423.5,158713.55921052638,60,44,2,18,304,True,0.0,0.0,False,True,False,True,False
6686,224604,36,6239,1,1994,8,521,51313,34,12,3,1,4,59.2,8930,3.52,4.2,108,1328.0,1452,186,14.6,56152.0,14537.803225806456,56137.4,200.0,109178.4,57496.98924731189,108978.4,159060.67058823534,118,68,2,18,510,True,0.0,0.0,False,True,False,False,True
6687,87840,24,3660,1,1993,9,125,53921,61,22,1,1,2,41.3,8598,2.77,3.26,123,1597.0,1875,34,51.3,32938.0,9496.929411764706,32886.7,500.0,65847.8,46318.55294117647,65347.8,80723.9,6,28,2,13,120,True,0.0,0.0,False,True,False,True,False
6694,134784,24,5616,1,1995,3,287,285387,0,2,8,5,7,89.9,10177,6.63,7.75,81,9878.0,10108,55,12.2,58800.0,9329.634545454544,58787.8,900.0,112839.2,44005.11272727274,111939.2,55774.98913043478,25,30,1,55,276,True,0.0,0.0,False,True,False,True,False
6696,89040,60,1484,1,1994,5,393,148545,8,35,12,3,4,53.5,8909,4.01,5.56,113,3460.0,3590,174,14.6,15843.0,3441.204597701148,15828.4,800.0,46550.2,30045.399999999972,45750.2,46059.19999999998,86,88,2,24,390,True,800.0,800.0,False,True,False,True,False
6698,247728,48,5161,1,1996,3,212,1204953,0,0,0,1,1,100.0,12541,0.29,0.43,167,85677.0,99107,50,30.0,57900.0,12112.076,57870.0,200.0,108390.1,60054.73400000001,108190.1,84897.7289719626,27,23,1,17,214,True,0.0,0.0,False,False,True,False,True
6699,7656,24,319,1,1994,3,367,78955,50,24,8,1,9,59.0,9060,1.78,2.44,124,1655.0,1717,162,9.2,31677.0,6436.609876543209,31667.8,600.0,73069.1,46444.63950617281,72469.1,86894.23333333332,90,72,2,32,360,True,0.0,0.0,False,True,False,True,False
6704,417060,60,6951,1,1995,6,556,45714,52,10,5,1,6,55.6,8843,2.82,3.6,113,818.0,888,148,14.6,52700.0,10583.993243243245,52685.4,200.0,127508.6,58445.027027027005,127308.6,84367.91741472174,66,82,2,34,557,True,0.0,0.0,False,True,False,True,False
6712,266220,60,4437,1,1995,10,524,70646,94,14,3,1,4,58.4,8547,2.65,3.64,120,1563.0,1542,144,14.6,33190.0,5581.281249999997,33175.4,900.0,66744.4,34922.881249999984,65844.4,46367.56730769229,91,53,1,30,520,True,0.0,0.0,False,True,False,True,False
6715,220620,60,3677,1,1996,5,517,70646,94,14,3,1,4,58.4,8547,2.65,3.64,120,1563.0,1542,128,14.6,33096.0,6331.021874999999,33081.4,1100.0,70272.7,36907.456249999996,69172.7,47206.06601941747,74,54,1,53,515,True,0.0,0.0,False,True,False,True,False
6721,21072,24,878,1,1994,1,130,74062,99,15,4,2,7,61.4,8114,2.38,2.62,119,1003.0,1181,15,48.5,9738.0,3164.473333333334,9689.5,1100.0,33467.0,21575.68666666666,32367.0,11866.775000000001,2,13,1,30,120,True,0.0,0.0,False,True,False,True,False
6725,265320,36,7370,1,1995,6,642,121947,37,28,7,3,11,70.5,8541,2.51,2.97,131,3496.0,3839,296,14.6,26409.0,5332.347972972974,26394.4,700.0,61993.3,35566.881081081134,61293.3,75160.7142857143,168,128,2,47,630,True,0.0,0.0,False,True,False,True,False
6726,85860,60,1431,1,1995,9,432,88884,80,26,6,2,5,46.7,8507,1.67,1.85,132,2159.0,2674,96,5.0,16713.0,3377.427083333332,16708.0,1000.0,44713.5,30461.404166666678,43713.5,22726.612149532702,49,47,1,40,428,True,0.0,0.0,False,True,False,True,False
6729,74688,12,6224,1,1994,8,498,87419,21,11,4,3,9,85.5,8624,1.79,2.66,102,2879.0,3198,224,14.6,56019.0,11551.496428571436,56004.4,1100.0,104902.4,48484.62410714284,103802.4,158097.87372708766,126,98,2,49,491,True,0.0,0.0,False,True,False,True,False
6732,174048,48,3626,1,1996,9,343,162580,83,26,5,1,6,72.8,9538,1.51,1.81,111,6079.0,5410,69,14.6,49461.0,13503.12608695652,49446.4,600.0,127067.6,72968.3811594203,126467.6,82452.71681415927,31,38,1,44,339,True,0.0,0.0,False,True,False,True,False
6734,173016,36,4806,1,1996,5,316,177686,69,27,10,1,9,74.8,10045,1.42,1.71,135,6604.0,6295,94,30.0,62700.0,13519.828723404255,62670.0,300.0,123928.2,61799.24361702124,123628.2,121420.1178343949,47,47,1,51,314,True,0.0,0.0,False,False,True,True,False
6736,288360,60,4806,1,1994,6,111,1204953,0,0,0,1,1,100.0,12541,0.29,0.43,167,85677.0,99107,10,8.7,27116.0,8585.039999999999,27107.3,800.0,58495.8,33211.759999999995,57695.8,27693.677419354837,2,8,1,59,93,True,800.0,800.0,True,False,False,False,True
6737,76680,24,3195,1,1995,3,543,228848,15,40,18,2,6,57.2,9893,4.09,4.72,96,5623.0,5887,286,14.6,57554.0,9877.5041958042,57539.4,1000.0,104676.1,62933.47482517484,103676.1,156363.4428044281,180,106,2,46,542,True,0.0,0.0,False,True,False,False,True
6738,230220,36,6395,-1,1994,9,355,323870,0,0,0,1,1,100.0,10673,4.75,5.44,100,18782.0,18347,82,4.9,59800.0,7188.8524390243865,59795.1,-2719.7,130801.0,27658.487804878067,133520.7,52947.83532934129,44,38,1,52,334,True,0.0,0.0,False,True,False,True,False
6745,47304,24,1971,1,1995,4,513,197099,29,41,10,2,10,74.7,9624,1.6,2.31,145,4484.0,4265,167,14.6,59900.0,13867.846706586832,59885.4,400.0,148093.0,68740.02335329348,147693.0,136231.20000000004,91,76,1,24,510,True,0.0,0.0,False,True,False,False,True
6751,85716,36,2381,1,1996,7,157,74062,99,15,4,2,7,61.4,8114,2.38,2.62,119,1003.0,1181,38,52.5,21430.0,7206.1578947368425,21377.5,800.0,52782.7,31337.25789473684,51982.7,54766.8,8,30,2,58,150,True,0.0,0.0,False,True,False,False,True
6764,33984,48,708,1,1995,8,367,197099,29,41,10,2,10,74.7,9624,1.6,2.31,145,4484.0,4265,70,14.6,20196.0,4598.144285714286,20181.4,600.0,55077.5,38587.76000000001,54477.5,26822.50833333333,34,36,1,23,360,True,0.0,0.0,False,True,False,False,True
6785,125340,60,2089,1,1995,12,478,1204953,0,0,0,1,1,100.0,12541,0.29,0.43,167,85677.0,99107,127,30.0,49974.0,9686.67244094488,49944.0,500.0,110933.4,51145.51574803151,110433.4,79711.06263498918,70,57,1,51,463,True,0.0,0.0,False,False,True,False,True
6805,45024,48,938,1,1996,12,217,285387,0,2,8,5,7,89.9,10177,6.63,7.75,81,9878.0,10108,39,14.6,31636.5,7779.815384615385,31621.9,800.0,63659.3,41994.90769230771,62859.3,43344.68571428571,19,20,1,39,210,True,0.0,0.0,False,True,False,True,False
6808,227880,36,6330,1,1994,10,383,197099,29,41,10,2,10,74.7,9624,1.6,2.31,145,4484.0,4265,166,14.6,64600.0,8156.793975903617,64585.4,1100.0,153213.7,45134.72168674697,152113.7,107178.98153034305,76,90,2,39,379,True,0.0,0.0,False,True,False,True,False
6810,186384,48,3883,1,1996,6,643,128118,9,16,6,3,8,85.3,9317,6.49,7.07,97,6949.0,6872,190,30.0,60600.0,11952.684210526313,60570.0,700.0,129557.3,61578.30157894749,128857.3,106954.94505494503,108,82,1,37,637,True,0.0,0.0,False,False,True,False,True
6816,100224,48,2088,-1,1996,3,121,285387,0,2,8,5,7,89.9,10177,6.63,7.75,81,9878.0,10108,18,26.5,18792.0,4932.616666666667,18765.5,700.0,46487.1,28124.93333333333,45787.1,22196.775,3,15,1,39,120,True,0.0,0.0,False,True,False,True,False
6817,70656,48,1472,1,1996,10,278,1204953,0,0,0,1,1,100.0,12541,0.29,0.43,167,85677.0,99107,53,14.6,26080.0,5188.33962264151,26065.4,600.0,55343.2,32646.850943396235,54743.2,30553.555555555555,24,29,1,44,270,True,0.0,0.0,False,True,False,False,True
6818,155616,48,3242,1,1996,12,697,226122,32,50,7,4,4,62.6,8994,3.8,4.79,110,9672.0,9208,344,14.6,36960.0,4895.974418604653,36945.4,200.0,75294.1,44197.509883720915,75094.1,73226.74782608697,204,140,2,25,690,True,0.0,0.0,False,True,False,True,False
6820,38148,12,3179,1,1993,12,174,1204953,0,0,0,1,1,100.0,12541,0.29,0.43,167,85677.0,99107,29,9.9,32706.0,8369.555172413793,32696.1,900.0,62324.6,37462.093103448286,61424.6,43085.875739644966,11,18,1,28,169,True,0.0,0.0,False,True,False,True,False
6836,189300,60,3155,1,1994,8,414,109164,98,16,6,1,4,63.6,8757,3.38,3.95,96,2212.0,2471,102,14.6,28413.0,5114.498039215686,28398.4,800.0,61043.3,32354.031372549012,60243.3,38171.61951219512,60,42,1,41,410,True,0.0,0.0,False,True,False,False,True
6841,172080,48,3585,1,1994,8,203,92084,55,29,4,3,5,46.7,10124,0.56,0.54,141,3810.0,4316,42,14.6,45518.0,11368.769047619046,45503.4,200.0,119138.8,60743.95714285715,118938.8,74998.16230366491,17,25,1,37,191,True,0.0,0.0,False,True,False,True,False
6863,127080,60,2118,1,1993,7,175,77917,85,19,6,1,5,53.5,8390,2.28,2.89,132,2080.0,2122,24,48.6,19065.0,5417.458333333334,19016.4,800.0,49590.4,30060.95416666668,48790.4,23929.877300613498,9,15,1,57,163,True,800.0,800.0,False,True,False,False,True
6865,29448,12,2454,-1,1996,9,120,226122,32,50,7,4,4,62.6,8994,3.8,4.79,110,9672.0,9208,11,63.8,22090.0,8271.872727272728,22026.2,800.0,43790.6,28977.436363636363,42990.6,23944.894736842107,2,9,1,49,114,True,0.0,0.0,False,True,False,False,True
6876,86616,12,7218,1,1993,12,127,75637,35,36,9,0,7,36.5,9622,0.45,0.59,154,3475.0,3529,15,29.8,17859.0,5323.546666666666,17829.2,800.0,48353.1,25714.046666666665,47553.1,19963.3,3,12,1,32,120,True,0.0,0.0,False,True,False,False,True
6888,39576,12,3298,1,1994,7,527,105058,32,19,7,2,10,81.0,9272,2.8,3.22,118,4340.0,4505,115,14.6,49603.0,8275.283478260868,49588.4,300.0,103467.2,48944.827826086956,103167.2,55328.93023255813,62,53,1,14,516,True,0.0,0.0,False,True,False,True,False
6895,41904,12,3492,1,1994,9,608,285387,0,2,8,5,7,89.9,10177,6.63,7.75,81,9878.0,10108,143,0.8,51700.0,6720.900699300696,51699.2,900.0,129123.0,36080.386713286716,128223.0,48054.43999999998,80,63,1,20,600,True,0.0,0.0,False,True,False,False,True
6903,52128,24,2172,1,1994,6,263,75637,35,36,9,0,7,36.5,9622,0.45,0.59,154,3475.0,3529,71,0.1,44473.0,6031.725352112675,44472.9,144.2,59944.2,33459.68028169013,59800.0,49413.75,32,39,1,35,260,True,0.0,0.0,False,True,False,True,False
6919,120888,36,3358,1,1994,8,498,1204953,0,0,0,1,1,100.0,12541,0.29,0.43,167,85677.0,99107,96,30.0,49200.0,9301.089583333334,49170.0,600.0,116468.4,40838.75520833332,115868.4,54115.430303030305,60,36,1,50,495,True,0.0,0.0,False,False,True,True,False
6921,86184,12,7182,1,1996,10,240,285387,0,2,8,5,7,89.9,10177,6.63,7.75,81,9878.0,10108,42,14.6,64642.0,16523.60238095238,64627.4,300.0,128146.0,59935.271428571425,127846.0,88219.23305084746,26,16,1,56,236,True,0.0,0.0,False,True,False,True,False
6929,36396,12,3033,1,1995,5,670,127369,31,32,13,2,7,51.2,8369,4.73,5.88,107,3736.0,2807,158,30.0,51700.0,11730.83987341772,51670.0,800.0,125887.5,57977.03481012657,125087.5,83115.36771300448,102,56,1,23,669,True,0.0,0.0,False,False,True,False,True
6933,188688,48,3931,1,1995,9,162,197099,29,41,10,2,10,74.7,9624,1.6,2.31,145,4484.0,4265,22,14.6,35378.0,10873.772727272726,35363.4,400.0,71255.7,42203.17272727273,70855.7,45711.40127388534,10,12,1,30,157,True,0.0,0.0,False,True,False,True,False
6940,228276,36,6341,1,1996,11,168,1204953,0,0,0,1,1,100.0,12541,0.29,0.43,167,85677.0,99107,40,14.6,22288.0,7186.860000000001,22273.4,500.0,60236.6,41402.134999999995,59736.6,56001.506493506495,14,26,2,35,154,True,0.0,0.0,False,True,False,False,True
6944,46176,48,962,1,1996,11,163,145688,22,41,13,2,5,40.7,8544,1.29,1.86,109,2719.0,2906,17,64.5,18109.0,8573.594117647057,18044.5,1000.0,54705.1,33613.10588235293,53705.1,27674.25949367088,6,11,1,30,158,True,0.0,0.0,False,True,False,False,True
6949,104712,24,4363,1,1995,12,572,51313,34,12,3,1,4,59.2,8930,3.52,4.2,108,1328.0,1452,216,30.0,48996.0,12019.660185185186,48966.0,300.0,119752.3,52379.1287037037,119452.3,137125.70070422537,116,100,2,25,568,True,0.0,0.0,False,False,True,True,False
6950,104712,24,4363,1,1995,4,690,323870,0,0,0,1,1,100.0,10673,4.75,5.44,100,18782.0,18347,191,14.6,56400.0,11980.312565445032,56385.4,400.0,147603.2,57357.84345549748,147203.2,99488.6826086957,119,72,1,51,690,True,0.0,0.0,False,True,False,False,True
6955,244368,48,5091,1,1995,11,489,114200,101,41,4,1,4,43.7,8403,5.74,5.72,105,2157.0,2718,144,100.0,57200.0,17859.127083333333,57100.0,200.0,143453.3,75924.2409722223,143253.3,159075.11134020617,80,64,1,25,485,True,0.0,0.0,True,False,False,False,True
6960,76416,24,3184,1,1995,1,666,1204953,0,0,0,1,1,100.0,12541,0.29,0.43,167,85677.0,99107,306,14.6,28659.0,6527.337254901967,28644.4,8686.4,64494.1,31375.16078431371,55807.7,89702.02994011984,192,114,2,58,668,True,0.0,0.0,False,True,False,False,True
6961,176148,36,4893,1,1996,6,138,85852,41,23,4,2,4,59.8,8965,7.08,8.23,104,2653.0,2822,13,34.9,34881.0,17599.438461538462,34846.1,1100.0,83783.4,47154.5,82683.4,53207.604651162794,4,9,1,33,129,True,0.0,0.0,False,True,False,True,False
6965,139536,24,5814,1,1995,6,574,117897,139,28,5,1,6,53.8,8814,4.76,5.74,107,2112.0,2059,165,12.2,53200.0,14454.311515151518,53187.8,800.0,151546.9,63889.87393939401,150746.9,125524.28421052634,98,67,1,54,570,True,0.0,0.0,False,True,False,True,False
6985,113796,36,3161,1,1995,11,355,387570,0,0,0,1,1,100.0,9897,1.6,1.96,140,18721.0,18696,144,100.0,28446.0,6453.251388888889,28346.0,500.0,58022.1,36840.5736111111,57522.1,81040.83139534884,94,50,2,24,344,True,0.0,0.0,True,False,False,False,True
6986,151728,48,3161,-1,1995,2,267,323870,0,0,0,1,1,100.0,10673,4.75,5.44,100,18782.0,18347,57,0.8,48906.0,8289.664912280701,48905.2,-669.7,82784.6,30491.098245614015,83454.3,52501.21111111111,29,28,1,19,270,True,0.0,0.0,False,True,False,False,True
6992,133968,48,2791,1,1996,7,259,139012,59,41,8,3,10,61.9,8363,2.52,3.49,108,2564.0,2799,158,14.6,60800.0,9939.873417721521,60785.4,200.0,117458.5,46772.3151898734,117258.5,189979.83870967745,112,46,2,53,248,True,0.0,0.0,False,True,False,False,True
6995,96168,12,8014,1,1996,9,620,197099,29,41,10,2,10,74.7,9624,1.6,2.31,145,4484.0,4265,149,24.8,53500.0,8240.56174496644,53475.2,600.0,138010.1,50492.688590603946,137410.1,59894.81463414633,65,84,1,24,615,True,0.0,0.0,False,False,True,True,False
6996,126600,24,5275,1,1995,4,692,162580,83,26,5,1,6,72.8,9538,1.51,1.81,111,6079.0,5410,132,14.6,47472.0,11683.987878787882,47457.4,400.0,94043.3,47118.99318181818,93643.3,67055.93043478263,86,46,1,56,690,True,0.0,0.0,False,True,False,False,True
6998,97632,12,8136,1,1994,5,300,103347,87,16,7,1,7,67.0,9104,1.51,2.07,123,2299.0,2354,65,14.6,73224.0,15218.433846153843,73209.4,1100.0,119900.1,53379.127692307724,118800.1,98919.81999999998,45,20,1,26,300,True,0.0,0.0,False,True,False,True,False
7004,331560,60,5526,1,1995,3,569,88884,80,26,6,2,5,46.7,8507,1.67,1.85,132,2159.0,2674,238,14.6,33276.0,7321.5193277311,33261.4,900.0,71924.6,36941.99831932771,71024.6,91711.66315789483,158,80,2,15,570,True,0.0,0.0,False,True,False,False,True
7008,36168,12,3014,1,1995,9,204,1204953,0,0,0,1,1,100.0,12541,0.29,0.43,167,85677.0,99107,36,14.6,27122.0,6931.622222222222,27107.4,300.0,63738.0,39063.76666666667,63438.0,38000.77157360406,21,15,1,34,197,True,0.0,0.0,False,True,False,False,True
7013,89340,60,1489,1,1996,8,265,110643,49,41,4,1,4,51.9,8441,3.45,4.48,115,1879.0,2252,88,14.6,17313.0,4646.670454545452,17298.4,500.0,54628.1,40005.4818181818,54128.1,46291.35849056602,48,40,2,25,265,True,0.0,0.0,False,True,False,True,False
7034,19044,36,529,1,1996,7,410,122603,25,21,6,2,8,80.0,8991,1.39,2.01,128,5198.0,5273,69,14.2,24126.0,6600.440579710144,24111.8,600.0,64981.1,43121.75507246376,64381.1,33735.585185185184,40,29,1,22,405,True,0.0,0.0,False,True,False,True,False
7036,194940,36,5415,1,1996,9,468,112065,95,19,7,1,8,69.4,11277,1.25,1.44,127,5179.0,4987,91,1.3,58700.0,12668.317582417583,58698.7,600.0,138172.6,56669.787912087864,137572.6,75677.25820568929,53,38,1,32,457,True,0.0,0.0,False,True,False,False,True
7055,167100,60,2785,1,1994,4,334,145688,22,41,13,2,5,40.7,8544,1.29,1.86,109,2719.0,2906,158,14.6,49980.0,14332.407594936714,49965.4,1100.0,143605.7,63707.6265822784,142505.7,205865.490909091,92,66,2,24,330,True,0.0,0.0,False,True,False,True,False
7057,231696,36,6436,1,1995,10,477,1204953,0,0,0,1,1,100.0,12541,0.29,0.43,167,85677.0,99107,252,30.0,60566.0,10683.372222222222,60536.0,800.0,108575.3,45873.61666666662,107775.3,173318.22746781114,184,68,2,22,466,True,0.0,0.0,False,False,True,False,True
7061,121896,24,5079,1,1994,8,488,157042,49,70,18,0,9,33.9,8743,1.88,2.43,111,3659.0,3894,93,14.6,64900.0,13230.344086021503,64885.4,600.0,133454.9,54422.59677419359,132854.9,76901.37499999999,54,39,1,29,480,True,0.0,0.0,False,True,False,False,True
7066,215388,36,5983,-1,1994,5,154,119895,17,4,3,2,4,89.9,10446,7.34,9.4,90,4947.0,4743,15,18.0,49757.0,6110.860000000001,49739.0,1000.0,50757.0,32702.726666666666,49757.0,17856.409090909092,5,10,1,35,154,True,0.0,0.0,False,True,False,False,True
7097,75624,24,3151,-1,1993,12,199,387570,0,0,0,1,1,100.0,9897,1.6,1.96,140,18721.0,18696,23,50.5,49887.0,13406.739130434782,49836.5,400.0,89754.8,50009.90869565218,89354.8,48687.631578947374,8,15,1,35,190,True,0.0,0.0,False,True,False,False,True
7101,421008,48,8771,1,1996,11,309,177686,69,27,10,1,9,74.8,10045,1.42,1.71,135,6604.0,6295,50,14.6,31540.0,8521.962,31525.4,600.0,72330.4,37436.421999999984,71730.4,42609.81,28,22,1,43,300,True,0.0,0.0,False,True,False,False,True
7104,259740,60,4329,1,1993,12,157,228848,15,40,18,2,6,57.2,9893,4.09,4.72,96,5623.0,5887,17,75.3,38960.0,13038.088235294117,38884.7,800.0,79633.5,45198.15294117648,78833.5,43746.21710526316,7,10,1,14,152,True,800.0,800.0,False,True,False,False,True
7121,21924,36,609,1,1993,11,303,157042,49,70,18,0,9,33.9,8743,1.88,2.43,111,3659.0,3894,90,14.6,21739.5,5957.544444444445,21724.9,1100.0,60432.4,34272.213333333326,59332.4,54712.142857142855,48,42,2,33,294,True,0.0,0.0,False,True,False,False,True
7130,123408,24,5142,1,1996,12,384,119895,17,4,3,2,4,89.9,10446,7.34,9.4,90,4947.0,4743,65,67.5,46000.0,5789.864615384616,45932.5,700.0,85626.9,28359.255384615382,84926.9,29555.591623036653,40,25,1,32,382,True,0.0,0.0,True,False,False,False,True
7136,54396,36,1511,1,1996,9,193,110643,49,41,4,1,4,51.9,8441,3.45,4.48,115,1879.0,2252,23,14.6,11244.0,3853.8260869565224,11229.4,800.0,42308.8,30293.708695652185,41508.8,14691.381215469615,9,14,1,57,181,True,0.0,0.0,False,True,False,False,True
7137,151560,24,6315,1,1994,6,192,125832,151,41,2,3,5,48.3,8512,3.51,4.12,102,2247.0,2103,28,14.6,56835.0,16935.55357142857,56820.4,300.0,97912.7,53976.29285714283,97612.7,74093.04687499997,15,13,1,41,192,True,0.0,0.0,False,True,False,False,True
7138,60000,60,1000,1,1995,7,658,77917,85,19,6,1,5,53.5,8390,2.28,2.89,132,2080.0,2122,137,14.6,11049.0,2567.8445255474444,11034.4,400.0,39393.9,24643.283941605838,38993.9,16112.734351145034,89,48,1,49,655,True,0.0,0.0,False,True,False,False,True
7142,482940,60,8049,-1,1994,12,479,1204953,0,0,0,1,1,100.0,12541,0.29,0.43,167,85677.0,99107,130,7.8,21056.0,4060.6807692307675,21048.2,900.0,57707.2,26358.7546153846,56807.2,33623.471337579605,74,56,1,18,471,True,0.0,0.0,False,True,False,True,False
7154,417600,60,6960,1,1996,12,408,157042,49,70,18,0,9,33.9,8743,1.88,2.43,111,3659.0,3894,34,100.0,36305.0,8159.970588235291,36205.0,200.0,87052.1,43196.74411764705,86852.1,20500.418719211815,13,21,1,26,406,True,0.0,0.0,True,False,False,False,True
7166,198240,24,8260,1,1995,6,164,118650,8,8,5,1,3,85.6,9832,3.32,4.48,114,6445.0,5471,16,43.0,19455.0,7546.887500000001,19412.0,300.0,51947.2,30953.143750000003,51647.2,24150.04,5,11,1,39,150,True,0.0,0.0,False,True,False,False,True
7176,260028,36,7223,1,1995,10,688,75637,35,36,9,0,7,36.5,9622,0.45,0.59,154,3475.0,3529,161,14.6,65008.0,12514.357142857149,64993.4,200.0,124900.7,50676.81987577646,124700.7,89547.17777777782,114,47,1,19,675,True,0.0,0.0,False,True,False,False,True
7189,154656,48,3222,1,1996,3,449,161227,5,35,11,4,10,69.7,8678,5.93,5.57,102,4980.0,4595,89,14.6,28994.0,6653.895505617976,28979.4,1000.0,61782.0,31791.328089887662,60782.0,39479.77999999999,57,32,1,40,450,True,0.0,0.0,False,True,False,False,True
7192,115992,36,3222,1,1994,12,617,51313,34,12,3,1,4,59.2,8930,3.52,4.2,108,1328.0,1452,127,5.4,60600.0,6214.3740157480315,60594.6,200.0,107692.0,25666.40708661417,107492.0,39330.17441860465,81,46,1,57,602,True,0.0,0.0,False,False,True,False,True
7194,68832,36,1912,1,1996,9,328,1204953,0,0,0,1,1,100.0,12541,0.29,0.43,167,85677.0,99107,53,14.6,28353.0,7828.981132075471,28338.4,700.0,61939.6,37557.05471698113,61239.6,38301.78461538461,29,24,1,37,325,True,0.0,0.0,False,True,False,False,True
7198,45768,12,3814,1,1994,8,273,226122,32,50,7,4,4,62.6,8994,3.8,4.79,110,9672.0,9208,27,24.2,36574.0,5645.466666666667,36549.8,800.0,78327.5,32555.81851851852,77527.5,16936.4,5,22,1,17,270,True,0.0,0.0,False,False,True,True,False
7213,113544,36,3154,1,1996,2,358,114200,101,41,4,1,4,43.7,8403,5.74,5.72,105,2157.0,2718,71,14.6,28386.0,6453.483098591549,28371.4,700.0,68048.1,33990.419718309866,67348.1,38720.898591549296,45,26,1,54,355,True,0.0,0.0,False,True,False,False,True
7220,131292,36,3647,1,1994,7,426,1204953,0,0,0,1,1,100.0,12541,0.29,0.43,167,85677.0,99107,83,12.1,32823.0,7915.583132530121,32810.9,1000.0,70288.4,36635.11566265061,69288.4,46928.1,54,29,1,40,420,True,0.0,0.0,False,False,True,False,True
7226,197748,36,5493,1,1994,2,158,53921,61,22,1,1,2,41.3,8598,2.77,3.26,123,1597.0,1875,32,68.3,36216.0,14293.4125,36147.7,300.0,74413.6,44735.431249999994,74113.6,87959.46153846153,10,22,2,24,156,True,0.0,0.0,False,True,False,True,False
7227,314520,60,5242,1,1995,10,486,105606,77,26,7,2,7,53.0,8254,2.79,3.76,97,2166.0,2325,130,30.0,56700.0,15168.362307692307,56670.0,500.0,128119.4,63527.42000000002,127619.4,122731.56224066389,74,56,1,40,482,True,0.0,0.0,False,False,True,True,False
7233,115812,36,3217,1,1996,12,587,93931,74,21,10,1,8,56.9,8427,1.12,1.54,107,1874.0,1913,124,14.6,50800.0,13280.084677419358,50785.4,1100.0,119527.2,56646.516129032294,118427.2,85470.44117647062,73,51,1,43,578,True,0.0,0.0,False,True,False,False,True
7235,154416,48,3217,1,1993,10,179,70699,60,13,2,1,4,65.3,8968,2.83,3.35,131,1740.0,1910,32,13.6,39098.0,9740.15,39084.4,8897.0,81723.5,46715.8,72826.5,54681.54385964912,16,16,1,24,171,True,8897.0,8897.0,False,False,True,True,False
7240,274740,60,4579,1,1993,9,209,86513,38,36,5,1,5,50.5,8288,3.79,4.52,110,1562.0,1460,27,30.0,63366.0,18945.966666666667,63336.0,600.0,122893.1,57188.21111111113,122293.1,77506.22727272728,14,13,1,15,198,True,0.0,0.0,False,False,True,False,True
7241,168984,24,7041,-1,1995,3,569,1204953,0,0,0,1,1,100.0,12541,0.29,0.43,167,85677.0,99107,160,2.5,55200.0,11357.386875000004,55197.5,-517.7,120806.4,56053.99750000008,121324.09999999999,95641.15263157898,86,74,1,19,570,True,0.0,0.0,False,True,False,False,True
7243,217152,36,6032,1,1995,12,316,226122,32,50,7,4,4,62.6,8994,3.8,4.79,110,9672.0,9208,57,4.4,54286.0,12666.78245614035,54281.6,400.0,109774.3,49107.06666666669,109374.3,71017.04262295082,36,21,1,21,305,True,0.0,0.0,False,True,False,False,True
7246,148920,60,2482,1,1996,8,205,108871,41,29,7,2,6,62.1,8444,3.24,3.47,106,2595.0,2305,31,30.0,22780.0,7832.083870967742,22750.0,400.0,63289.9,32435.319354838695,62889.9,36602.20100502513,15,16,1,19,199,True,0.0,0.0,False,False,True,False,True
7249,69360,48,1445,1,1994,6,451,112709,48,20,7,3,10,73.5,8369,1.79,2.31,117,2854.0,2618,78,14.6,17782.0,4748.167948717948,17767.4,1100.0,52365.0,33857.10641025642,51265.0,24800.69866071428,47,31,1,53,448,True,0.0,0.0,False,True,False,False,True
7259,108144,36,3004,1,1994,1,252,108871,41,29,7,2,6,62.1,8444,3.24,3.47,106,2595.0,2305,110,14.6,60600.0,13671.429090909092,60585.4,900.0,123863.4,54652.8981818182,122963.4,185661.3827160494,64,46,2,31,243,True,0.0,0.0,False,True,False,True,False
7262,182628,36,5073,1,1994,3,139,138032,67,30,4,2,5,64.6,8819,5.38,5.66,99,4063.0,4505,13,67.1,23204.0,8281.607692307693,23136.9,500.0,52246.0,33229.1076923077,51746.0,22906.574468085106,3,10,1,35,141,True,0.0,0.0,False,True,False,False,True
7263,89880,24,3745,1,1996,1,149,285387,0,2,8,5,7,89.9,10177,6.63,7.75,81,9878.0,10108,29,26.2,47100.0,13517.224137931033,47073.8,800.0,116004.2,62571.28275862068,115204.2,78399.9,16,13,1,33,150,True,0.0,0.0,False,False,True,False,True
7271,392460,60,6541,1,1996,10,677,107870,84,29,6,1,6,58.0,8754,3.83,4.31,137,3804.0,3868,286,14.6,58870.0,12882.523076923088,58855.4,900.0,115913.4,57131.740559440615,115013.4,163508.94674556225,194,92,2,16,676,True,0.0,0.0,False,True,False,True,False
7284,52788,12,4399,1,1993,9,249,58796,22,16,7,1,5,51.9,9045,3.13,3.6,124,1845.0,1879,43,14.6,17920.0,3714.8976744186057,17905.4,1000.0,41469.1,22198.179069767448,40469.1,19967.575000000004,22,21,1,20,240,True,0.0,0.0,False,True,False,False,True
7304,419880,60,6998,1,1995,10,158,1204953,0,0,0,1,1,100.0,12541,0.29,0.43,167,85677.0,99107,36,39.0,64800.0,24426.472222222223,64761.0,200.0,104039.9,59352.83333333332,103839.9,175870.6,14,22,2,50,150,True,0.0,0.0,False,False,True,True,False
7305,54024,12,4502,1,1996,8,673,117897,139,28,5,1,6,53.8,8814,4.76,5.74,107,2112.0,2059,147,14.6,40521.0,8708.722448979594,40506.4,1000.0,81705.8,36480.18503401359,80705.8,57407.2735426009,102,45,1,28,669,True,0.0,0.0,False,True,False,False,True
7308,129408,24,5392,1,1996,12,440,106054,38,25,6,2,6,63.1,8110,5.77,6.55,109,3244.0,3079,107,14.6,24212.0,4550.302803738317,24197.4,1000.0,56055.6,30869.78130841124,55055.6,34530.666666666664,78,29,1,34,423,True,0.0,0.0,False,True,False,True,False
